{
    "genres": [
        "hard rock", 
        "blues rock", 
        "classic rock", 
        "rock", 
        "blues"
    ], 
    "taskDuration": {
        "Task Duration": 34.75717091560364, 
        "Task End": 1560830711.986266, 
        "Task Start": 1560830677.229095
    }, 
    "stats": {
        "listeners": "84872", 
        "playcount": "752206"
    }, 
    "name": "Elf", 
    "mbid": "57e0e9f3-24b5-46a6-be00-be793ca26e21", 
    "birthday": "1970", 
    "date": "2019-06-18", 
    "albums": [
        {
            "mbid": "2fffb9bb-858d-3af9-957c-2ddaf993da1d", 
            "releases": [
                {
                    "name": "Carolina County Ball", 
                    "tracks": [
                        {
                            "artistMBID": "57e0e9f3-24b5-46a6-be00-be793ca26e21", 
                            "mbid": "5b881fc1-684e-47bb-bc47-2769e347f1ad", 
                            "stats": {
                                "listeners": "6216", 
                                "playcount": "18832"
                            }, 
                            "artistName": "Elf", 
                            "title": "Carolina County Ball"
                        }, 
                        {
                            "artistMBID": "57e0e9f3-24b5-46a6-be00-be793ca26e21", 
                            "mbid": "1b18da8f-ab5c-435e-a125-a5fd28283d6f", 
                            "stats": {
                                "listeners": "2979", 
                                "playcount": "9703"
                            }, 
                            "artistName": "Elf", 
                            "title": "L.A. 59"
                        }, 
                        {
                            "artistMBID": "57e0e9f3-24b5-46a6-be00-be793ca26e21", 
                            "mbid": "e517122a-058a-422e-904d-f0a0dd17fb91", 
                            "stats": {
                                "listeners": "4201", 
                                "playcount": "13113"
                            }, 
                            "artistName": "Elf", 
                            "title": "Ain\u2019t It All Amusing"
                        }, 
                        {
                            "artistMBID": "57e0e9f3-24b5-46a6-be00-be793ca26e21", 
                            "mbid": "6cab232d-baeb-4d93-b761-2b4f0b97be65", 
                            "stats": {
                                "listeners": "3970", 
                                "playcount": "14694"
                            }, 
                            "artistName": "Elf", 
                            "title": "Happy"
                        }, 
                        {
                            "artistMBID": "57e0e9f3-24b5-46a6-be00-be793ca26e21", 
                            "mbid": "d9eb7dc6-3d60-4bea-9355-80b68979d3a4", 
                            "stats": {
                                "listeners": "4068", 
                                "playcount": "13746"
                            }, 
                            "artistName": "Elf", 
                            "title": "Annie New Orleans"
                        }, 
                        {
                            "artistMBID": "57e0e9f3-24b5-46a6-be00-be793ca26e21", 
                            "mbid": "d7631ede-8acb-45b9-b488-26b813236d91", 
                            "stats": {
                                "listeners": "632", 
                                "playcount": "1741"
                            }, 
                            "artistName": "Elf", 
                            "title": "Rocking Chair Rock \u2019n\u2019 Roll Blues"
                        }, 
                        {
                            "artistMBID": "57e0e9f3-24b5-46a6-be00-be793ca26e21", 
                            "mbid": "f3f03e40-996f-40a3-a4b0-9a4459630624", 
                            "stats": {
                                "listeners": "4530", 
                                "playcount": "16211"
                            }, 
                            "artistName": "Elf", 
                            "title": "Rainbow"
                        }, 
                        {
                            "artistMBID": "57e0e9f3-24b5-46a6-be00-be793ca26e21", 
                            "mbid": "e9a73360-d4db-41b3-9f22-571e5256d727", 
                            "stats": {
                                "listeners": "3756", 
                                "playcount": "11890"
                            }, 
                            "artistName": "Elf", 
                            "title": "Do the Same Thing"
                        }, 
                        {
                            "artistMBID": "57e0e9f3-24b5-46a6-be00-be793ca26e21", 
                            "mbid": "c6712ccb-6fd1-4044-92f2-ed42f1bb01a3", 
                            "stats": {
                                "listeners": "3548", 
                                "playcount": "11151"
                            }, 
                            "artistName": "Elf", 
                            "title": "Blanche"
                        }
                    ], 
                    "country": "GB", 
                    "disambiguation": "", 
                    "mbid": "3d1e280f-3051-4868-bf05-78d2825cf430", 
                    "packaging": "Cardboard/Paper Sleeve", 
                    "listeners": "4180", 
                    "date": "1974", 
                    "artistName": "Elf", 
                    "playcount": "72930", 
                    "artistMBID": "57e0e9f3-24b5-46a6-be00-be793ca26e21"
                }
            ], 
            "title": "Carolina County Ball"
        }, 
        {
            "mbid": "70bd88d6-5303-4db9-bae6-9770b652b6ee", 
            "releases": [
                {
                    "name": "Dream Evil / Trying to Burn the Sun", 
                    "tracks": [
                        {
                            "artistMBID": "57e0e9f3-24b5-46a6-be00-be793ca26e21", 
                            "mbid": "7bb3d6c5-475c-4051-8e8a-9dbb933231d6", 
                            "stats": {
                                "listeners": "47590", 
                                "playcount": "185090"
                            }, 
                            "artistName": "Elf", 
                            "title": "Night People"
                        }, 
                        {
                            "artistMBID": "57e0e9f3-24b5-46a6-be00-be793ca26e21", 
                            "mbid": "87255a5c-66ea-448b-85d8-9f5896e04821", 
                            "stats": {
                                "listeners": "98883", 
                                "playcount": "399424"
                            }, 
                            "artistName": "Elf", 
                            "title": "Dream Evil"
                        }, 
                        {
                            "artistMBID": "57e0e9f3-24b5-46a6-be00-be793ca26e21", 
                            "mbid": "45a67148-c5a2-49ee-b0da-c09e9a96974f", 
                            "stats": {
                                "listeners": "44223", 
                                "playcount": "160604"
                            }, 
                            "artistName": "Elf", 
                            "title": "Sunset Superman"
                        }, 
                        {
                            "artistMBID": "57e0e9f3-24b5-46a6-be00-be793ca26e21", 
                            "mbid": "536a1204-afec-4c7b-a8fb-8b839e3a514d", 
                            "stats": {
                                "listeners": "63462", 
                                "playcount": "272861"
                            }, 
                            "artistName": "Elf", 
                            "title": "All the Fools Sailed Away"
                        }, 
                        {
                            "artistMBID": "57e0e9f3-24b5-46a6-be00-be793ca26e21", 
                            "mbid": "5011b8f1-9f1b-4a8e-8a62-8d4a06f477fb", 
                            "stats": {
                                "listeners": "44062", 
                                "playcount": "157512"
                            }, 
                            "artistName": "Elf", 
                            "title": "Naked in the Rain"
                        }, 
                        {
                            "artistMBID": "57e0e9f3-24b5-46a6-be00-be793ca26e21", 
                            "mbid": "7563ced6-6f9e-48c1-a262-04d7f99b1e6b", 
                            "stats": {
                                "listeners": "36693", 
                                "playcount": "123748"
                            }, 
                            "artistName": "Elf", 
                            "title": "Overlove"
                        }, 
                        {
                            "artistMBID": "57e0e9f3-24b5-46a6-be00-be793ca26e21", 
                            "mbid": "180cc2cb-091c-458f-9bf2-1327b3080ca6", 
                            "stats": {
                                "listeners": "52201", 
                                "playcount": "194269"
                            }, 
                            "artistName": "Elf", 
                            "title": "I Could Have Been a Dreamer"
                        }, 
                        {
                            "artistMBID": "57e0e9f3-24b5-46a6-be00-be793ca26e21", 
                            "mbid": "af02271a-4f21-4598-a039-57a844107385", 
                            "stats": {
                                "listeners": "34933", 
                                "playcount": "119950"
                            }, 
                            "artistName": "Elf", 
                            "title": "Faces in the Window"
                        }, 
                        {
                            "artistMBID": "57e0e9f3-24b5-46a6-be00-be793ca26e21", 
                            "mbid": "3eb0606a-6a70-40a1-a4d3-9156ecb67773", 
                            "stats": {
                                "listeners": "36787", 
                                "playcount": "117499"
                            }, 
                            "artistName": "Elf", 
                            "title": "When a Woman Cries"
                        }, 
                        {
                            "artistMBID": "57e0e9f3-24b5-46a6-be00-be793ca26e21", 
                            "mbid": "aa013b8f-c5f4-4fff-8989-13daca84668a", 
                            "stats": {
                                "listeners": "3952", 
                                "playcount": "13309"
                            }, 
                            "artistName": "Elf", 
                            "title": "Black Swampy Water"
                        }, 
                        {
                            "artistMBID": "57e0e9f3-24b5-46a6-be00-be793ca26e21", 
                            "mbid": "de954503-d8ff-4bd9-addd-d97396788282", 
                            "stats": {
                                "listeners": "3613", 
                                "playcount": "11722"
                            }, 
                            "artistName": "Elf", 
                            "title": "Prentice Wood"
                        }, 
                        {
                            "artistMBID": "57e0e9f3-24b5-46a6-be00-be793ca26e21", 
                            "mbid": "3e0db36c-7a9c-44cd-9317-46db9f0863b1", 
                            "stats": {
                                "listeners": "3652", 
                                "playcount": "12547"
                            }, 
                            "artistName": "Elf", 
                            "title": "When She Smiles"
                        }, 
                        {
                            "artistMBID": "57e0e9f3-24b5-46a6-be00-be793ca26e21", 
                            "mbid": "efd7730b-8cdb-4186-8eca-2adb76f54d96", 
                            "stats": {
                                "listeners": "3501", 
                                "playcount": "12198"
                            }, 
                            "artistName": "Elf", 
                            "title": "Good Time Music"
                        }, 
                        {
                            "artistMBID": "57e0e9f3-24b5-46a6-be00-be793ca26e21", 
                            "mbid": "52372c7c-6964-4df0-9148-01306d86277d", 
                            "stats": {
                                "listeners": "3347", 
                                "playcount": "10830"
                            }, 
                            "artistName": "Elf", 
                            "title": "Liberty Road"
                        }, 
                        {
                            "artistMBID": "57e0e9f3-24b5-46a6-be00-be793ca26e21", 
                            "mbid": "06edeaed-55c6-43a6-a9e0-b16931596271", 
                            "stats": {
                                "listeners": "2731", 
                                "playcount": "9209"
                            }, 
                            "artistName": "Elf", 
                            "title": "Shotgun Boogie"
                        }, 
                        {
                            "artistMBID": "57e0e9f3-24b5-46a6-be00-be793ca26e21", 
                            "mbid": "09ba8663-1680-4818-9ce9-fc900905fe03", 
                            "stats": {
                                "listeners": "3602", 
                                "playcount": "12715"
                            }, 
                            "artistName": "Elf", 
                            "title": "Wonderworld"
                        }, 
                        {
                            "artistMBID": "57e0e9f3-24b5-46a6-be00-be793ca26e21", 
                            "mbid": "0cf70d4b-bb68-4586-9e14-628bc3d0cb83", 
                            "stats": {
                                "listeners": "3155", 
                                "playcount": "11114"
                            }, 
                            "artistName": "Elf", 
                            "title": "Streetwalker"
                        }
                    ], 
                    "country": "RU", 
                    "disambiguation": "", 
                    "mbid": "2340d2af-7306-43f0-813f-c7575e3f4013", 
                    "packaging": null, 
                    "listeners": "0", 
                    "date": "1999-07", 
                    "artistName": "Elf", 
                    "playcount": "0", 
                    "artistMBID": "57e0e9f3-24b5-46a6-be00-be793ca26e21"
                }
            ], 
            "title": "Dream Evil / Trying to Burn the Sun"
        }, 
        {
            "mbid": "7e9ebaf0-257d-32bc-b763-8a9aeb0d0e87", 
            "releases": [
                {
                    "name": "Ronnie James Dio: The Elf Albums", 
                    "tracks": [
                        {
                            "artistMBID": "57e0e9f3-24b5-46a6-be00-be793ca26e21", 
                            "mbid": "5b881fc1-684e-47bb-bc47-2769e347f1ad", 
                            "stats": {
                                "listeners": "6216", 
                                "playcount": "18832"
                            }, 
                            "artistName": "Elf", 
                            "title": "Carolina County Ball"
                        }, 
                        {
                            "artistMBID": "57e0e9f3-24b5-46a6-be00-be793ca26e21", 
                            "mbid": "1b18da8f-ab5c-435e-a125-a5fd28283d6f", 
                            "stats": {
                                "listeners": "2979", 
                                "playcount": "9703"
                            }, 
                            "artistName": "Elf", 
                            "title": "L.A. 59"
                        }, 
                        {
                            "artistMBID": "57e0e9f3-24b5-46a6-be00-be793ca26e21", 
                            "mbid": "e517122a-058a-422e-904d-f0a0dd17fb91", 
                            "stats": {
                                "listeners": "4201", 
                                "playcount": "13113"
                            }, 
                            "artistName": "Elf", 
                            "title": "Ain\u2019t It All Amusing"
                        }, 
                        {
                            "artistMBID": "57e0e9f3-24b5-46a6-be00-be793ca26e21", 
                            "mbid": "d2f733ba-2b47-4970-96b8-815877c643bc", 
                            "stats": {
                                "listeners": "3970", 
                                "playcount": "14694"
                            }, 
                            "artistName": "Elf", 
                            "title": "Happy"
                        }, 
                        {
                            "artistMBID": "57e0e9f3-24b5-46a6-be00-be793ca26e21", 
                            "mbid": "d9eb7dc6-3d60-4bea-9355-80b68979d3a4", 
                            "stats": {
                                "listeners": "4068", 
                                "playcount": "13746"
                            }, 
                            "artistName": "Elf", 
                            "title": "Annie New Orleans"
                        }, 
                        {
                            "artistMBID": "57e0e9f3-24b5-46a6-be00-be793ca26e21", 
                            "mbid": "d7631ede-8acb-45b9-b488-26b813236d91", 
                            "stats": {
                                "listeners": "632", 
                                "playcount": "1741"
                            }, 
                            "artistName": "Elf", 
                            "title": "Rocking Chair Rock \u2019n\u2019 Roll Blues"
                        }, 
                        {
                            "artistMBID": "57e0e9f3-24b5-46a6-be00-be793ca26e21", 
                            "mbid": "f3f03e40-996f-40a3-a4b0-9a4459630624", 
                            "stats": {
                                "listeners": "4530", 
                                "playcount": "16211"
                            }, 
                            "artistName": "Elf", 
                            "title": "Rainbow"
                        }, 
                        {
                            "artistMBID": "57e0e9f3-24b5-46a6-be00-be793ca26e21", 
                            "mbid": "98a7e9a9-8c7f-436c-befa-f1bf3065dce9", 
                            "stats": {
                                "listeners": "3756", 
                                "playcount": "11890"
                            }, 
                            "artistName": "Elf", 
                            "title": "Do the Same Thing"
                        }, 
                        {
                            "artistMBID": "57e0e9f3-24b5-46a6-be00-be793ca26e21", 
                            "mbid": "e33ef881-9ef7-401b-a009-dae089bf4599", 
                            "stats": {
                                "listeners": "3548", 
                                "playcount": "11151"
                            }, 
                            "artistName": "Elf", 
                            "title": "Blanche"
                        }, 
                        {
                            "artistMBID": "57e0e9f3-24b5-46a6-be00-be793ca26e21", 
                            "mbid": "aa013b8f-c5f4-4fff-8989-13daca84668a", 
                            "stats": {
                                "listeners": "3952", 
                                "playcount": "13309"
                            }, 
                            "artistName": "Elf", 
                            "title": "Black Swampy Water"
                        }, 
                        {
                            "artistMBID": "57e0e9f3-24b5-46a6-be00-be793ca26e21", 
                            "mbid": "de954503-d8ff-4bd9-addd-d97396788282", 
                            "stats": {
                                "listeners": "3613", 
                                "playcount": "11722"
                            }, 
                            "artistName": "Elf", 
                            "title": "Prentice Wood"
                        }, 
                        {
                            "artistMBID": "57e0e9f3-24b5-46a6-be00-be793ca26e21", 
                            "mbid": "3e0db36c-7a9c-44cd-9317-46db9f0863b1", 
                            "stats": {
                                "listeners": "3652", 
                                "playcount": "12547"
                            }, 
                            "artistName": "Elf", 
                            "title": "When She Smiles"
                        }, 
                        {
                            "artistMBID": "57e0e9f3-24b5-46a6-be00-be793ca26e21", 
                            "mbid": "efd7730b-8cdb-4186-8eca-2adb76f54d96", 
                            "stats": {
                                "listeners": "3501", 
                                "playcount": "12198"
                            }, 
                            "artistName": "Elf", 
                            "title": "Good Time Music"
                        }, 
                        {
                            "artistMBID": "57e0e9f3-24b5-46a6-be00-be793ca26e21", 
                            "mbid": "52372c7c-6964-4df0-9148-01306d86277d", 
                            "stats": {
                                "listeners": "3347", 
                                "playcount": "10830"
                            }, 
                            "artistName": "Elf", 
                            "title": "Liberty Road"
                        }, 
                        {
                            "artistMBID": "57e0e9f3-24b5-46a6-be00-be793ca26e21", 
                            "mbid": "06edeaed-55c6-43a6-a9e0-b16931596271", 
                            "stats": {
                                "listeners": "2731", 
                                "playcount": "9209"
                            }, 
                            "artistName": "Elf", 
                            "title": "Shotgun Boogie"
                        }, 
                        {
                            "artistMBID": "57e0e9f3-24b5-46a6-be00-be793ca26e21", 
                            "mbid": "09ba8663-1680-4818-9ce9-fc900905fe03", 
                            "stats": {
                                "listeners": "3602", 
                                "playcount": "12715"
                            }, 
                            "artistName": "Elf", 
                            "title": "Wonderworld"
                        }, 
                        {
                            "artistMBID": "57e0e9f3-24b5-46a6-be00-be793ca26e21", 
                            "mbid": "0cf70d4b-bb68-4586-9e14-628bc3d0cb83", 
                            "stats": {
                                "listeners": "3155", 
                                "playcount": "11114"
                            }, 
                            "artistName": "Elf", 
                            "title": "Streetwalker"
                        }
                    ], 
                    "country": "GB", 
                    "disambiguation": "", 
                    "mbid": "12cdf57c-2e58-45d3-8a33-494be1a2ca82", 
                    "packaging": null, 
                    "listeners": "528", 
                    "date": "1991", 
                    "artistName": "Elf", 
                    "playcount": "3125", 
                    "artistMBID": "57e0e9f3-24b5-46a6-be00-be793ca26e21"
                }
            ], 
            "title": "Ronnie James Dio: The Elf Albums"
        }, 
        {
            "mbid": "8be0f065-2fd5-3592-beec-de07d4ff7cb5", 
            "releases": [
                {
                    "name": "Elf", 
                    "tracks": [
                        {
                            "artistMBID": "57e0e9f3-24b5-46a6-be00-be793ca26e21", 
                            "mbid": "b76856d2-46c2-4b19-99c9-eaf324947986", 
                            "stats": {
                                "listeners": "26997", 
                                "playcount": "68612"
                            }, 
                            "artistName": "Elf", 
                            "title": "Hoochie Koochie Lady"
                        }, 
                        {
                            "artistMBID": "57e0e9f3-24b5-46a6-be00-be793ca26e21", 
                            "mbid": "c141b483-adaa-444c-b904-eb5d878d7441", 
                            "stats": {
                                "listeners": "23413", 
                                "playcount": "56461"
                            }, 
                            "artistName": "Elf", 
                            "title": "First Avenue"
                        }, 
                        {
                            "artistMBID": "57e0e9f3-24b5-46a6-be00-be793ca26e21", 
                            "mbid": "0ec49125-edb3-45f8-a746-1b8cbf98aee9", 
                            "stats": {
                                "listeners": "27482", 
                                "playcount": "79141"
                            }, 
                            "artistName": "Elf", 
                            "title": "Never More"
                        }, 
                        {
                            "artistMBID": "57e0e9f3-24b5-46a6-be00-be793ca26e21", 
                            "mbid": "899584b3-2d4c-42b9-b3c6-c4b2b6dbfa05", 
                            "stats": {
                                "listeners": "8", 
                                "playcount": "12"
                            }, 
                            "artistName": "Elf", 
                            "title": "I\u2019m Coming Back for You"
                        }, 
                        {
                            "artistMBID": "57e0e9f3-24b5-46a6-be00-be793ca26e21", 
                            "mbid": "e684dd44-38b6-4067-b519-ed668f79e161", 
                            "stats": {
                                "listeners": "18642", 
                                "playcount": "42208"
                            }, 
                            "artistName": "Elf", 
                            "title": "Sit Down Honey (Everything Will Be Alright)"
                        }, 
                        {
                            "artistMBID": "57e0e9f3-24b5-46a6-be00-be793ca26e21", 
                            "mbid": "56c6210f-681e-47a6-9610-1fe7697116fd", 
                            "stats": {
                                "listeners": "22270", 
                                "playcount": "53228"
                            }, 
                            "artistName": "Elf", 
                            "title": "Dixie Lee Junction"
                        }, 
                        {
                            "artistMBID": "57e0e9f3-24b5-46a6-be00-be793ca26e21", 
                            "mbid": "7256b3f0-5312-43fa-85b5-19e4845f3e0f", 
                            "stats": {
                                "listeners": "20310", 
                                "playcount": "47148"
                            }, 
                            "artistName": "Elf", 
                            "title": "Love Me Like a Woman"
                        }, 
                        {
                            "artistMBID": "57e0e9f3-24b5-46a6-be00-be793ca26e21", 
                            "mbid": "a867f6a0-d2ba-4a91-88a9-20ac3fdf9635", 
                            "stats": {
                                "listeners": "20566", 
                                "playcount": "47696"
                            }, 
                            "artistName": "Elf", 
                            "title": "Gambler, Gambler"
                        }
                    ], 
                    "country": "US", 
                    "disambiguation": "", 
                    "mbid": "8a6c01db-1af6-35dc-b839-2e8948388b6b", 
                    "packaging": "Jewel Case", 
                    "listeners": "71427", 
                    "date": "1991", 
                    "artistName": "Elf", 
                    "playcount": "438770", 
                    "artistMBID": "57e0e9f3-24b5-46a6-be00-be793ca26e21"
                }, 
                {
                    "name": "Elf", 
                    "tracks": [
                        {
                            "artistMBID": "57e0e9f3-24b5-46a6-be00-be793ca26e21", 
                            "mbid": "b76856d2-46c2-4b19-99c9-eaf324947986", 
                            "stats": {
                                "listeners": "26997", 
                                "playcount": "68612"
                            }, 
                            "artistName": "Elf", 
                            "title": "Hoochie Koochie Lady"
                        }, 
                        {
                            "artistMBID": "57e0e9f3-24b5-46a6-be00-be793ca26e21", 
                            "mbid": "c141b483-adaa-444c-b904-eb5d878d7441", 
                            "stats": {
                                "listeners": "23413", 
                                "playcount": "56461"
                            }, 
                            "artistName": "Elf", 
                            "title": "First Avenue"
                        }, 
                        {
                            "artistMBID": "57e0e9f3-24b5-46a6-be00-be793ca26e21", 
                            "mbid": "0ec49125-edb3-45f8-a746-1b8cbf98aee9", 
                            "stats": {
                                "listeners": "27482", 
                                "playcount": "79141"
                            }, 
                            "artistName": "Elf", 
                            "title": "Never More"
                        }, 
                        {
                            "artistMBID": "57e0e9f3-24b5-46a6-be00-be793ca26e21", 
                            "mbid": "899584b3-2d4c-42b9-b3c6-c4b2b6dbfa05", 
                            "stats": {
                                "listeners": "8", 
                                "playcount": "12"
                            }, 
                            "artistName": "Elf", 
                            "title": "I\u2019m Coming Back for You"
                        }, 
                        {
                            "artistMBID": "57e0e9f3-24b5-46a6-be00-be793ca26e21", 
                            "mbid": "e684dd44-38b6-4067-b519-ed668f79e161", 
                            "stats": {
                                "listeners": "18642", 
                                "playcount": "42208"
                            }, 
                            "artistName": "Elf", 
                            "title": "Sit Down Honey (Everything Will Be Alright)"
                        }, 
                        {
                            "artistMBID": "57e0e9f3-24b5-46a6-be00-be793ca26e21", 
                            "mbid": "56c6210f-681e-47a6-9610-1fe7697116fd", 
                            "stats": {
                                "listeners": "22270", 
                                "playcount": "53228"
                            }, 
                            "artistName": "Elf", 
                            "title": "Dixie Lee Junction"
                        }, 
                        {
                            "artistMBID": "57e0e9f3-24b5-46a6-be00-be793ca26e21", 
                            "mbid": "7256b3f0-5312-43fa-85b5-19e4845f3e0f", 
                            "stats": {
                                "listeners": "20310", 
                                "playcount": "47148"
                            }, 
                            "artistName": "Elf", 
                            "title": "Love Me Like a Woman"
                        }, 
                        {
                            "artistMBID": "57e0e9f3-24b5-46a6-be00-be793ca26e21", 
                            "mbid": "a867f6a0-d2ba-4a91-88a9-20ac3fdf9635", 
                            "stats": {
                                "listeners": "20566", 
                                "playcount": "47696"
                            }, 
                            "artistName": "Elf", 
                            "title": "Gambler, Gambler"
                        }
                    ], 
                    "country": "US", 
                    "disambiguation": "", 
                    "mbid": "8a6c01db-1af6-35dc-b839-2e8948388b6b", 
                    "packaging": null, 
                    "listeners": "71427", 
                    "date": "1972", 
                    "artistName": "Elf", 
                    "playcount": "438770", 
                    "artistMBID": "57e0e9f3-24b5-46a6-be00-be793ca26e21"
                }
            ], 
            "title": "Elf"
        }, 
        {
            "mbid": "a11f43b9-1f58-468f-bd34-5f9f7eae9523", 
            "releases": [], 
            "title": "War Pigs '72"
        }, 
        {
            "mbid": "b4e6d7b6-b7ca-3086-9b0b-a36cecdac93f", 
            "releases": [
                {
                    "name": "Trying to Burn the Sun", 
                    "tracks": [
                        {
                            "artistMBID": "57e0e9f3-24b5-46a6-be00-be793ca26e21", 
                            "mbid": "aa013b8f-c5f4-4fff-8989-13daca84668a", 
                            "stats": {
                                "listeners": "3952", 
                                "playcount": "13309"
                            }, 
                            "artistName": "Elf", 
                            "title": "Black Swampy Water"
                        }, 
                        {
                            "artistMBID": "57e0e9f3-24b5-46a6-be00-be793ca26e21", 
                            "mbid": "de954503-d8ff-4bd9-addd-d97396788282", 
                            "stats": {
                                "listeners": "3613", 
                                "playcount": "11722"
                            }, 
                            "artistName": "Elf", 
                            "title": "Prentice Wood"
                        }, 
                        {
                            "artistMBID": "57e0e9f3-24b5-46a6-be00-be793ca26e21", 
                            "mbid": "3e0db36c-7a9c-44cd-9317-46db9f0863b1", 
                            "stats": {
                                "listeners": "3652", 
                                "playcount": "12547"
                            }, 
                            "artistName": "Elf", 
                            "title": "When She Smiles"
                        }, 
                        {
                            "artistMBID": "57e0e9f3-24b5-46a6-be00-be793ca26e21", 
                            "mbid": "efd7730b-8cdb-4186-8eca-2adb76f54d96", 
                            "stats": {
                                "listeners": "3501", 
                                "playcount": "12198"
                            }, 
                            "artistName": "Elf", 
                            "title": "Good Time Music"
                        }, 
                        {
                            "artistMBID": "57e0e9f3-24b5-46a6-be00-be793ca26e21", 
                            "mbid": "52372c7c-6964-4df0-9148-01306d86277d", 
                            "stats": {
                                "listeners": "3347", 
                                "playcount": "10830"
                            }, 
                            "artistName": "Elf", 
                            "title": "Liberty Road"
                        }, 
                        {
                            "artistMBID": "57e0e9f3-24b5-46a6-be00-be793ca26e21", 
                            "mbid": "06edeaed-55c6-43a6-a9e0-b16931596271", 
                            "stats": {
                                "listeners": "2731", 
                                "playcount": "9209"
                            }, 
                            "artistName": "Elf", 
                            "title": "Shotgun Boogie"
                        }, 
                        {
                            "artistMBID": "57e0e9f3-24b5-46a6-be00-be793ca26e21", 
                            "mbid": "09ba8663-1680-4818-9ce9-fc900905fe03", 
                            "stats": {
                                "listeners": "3602", 
                                "playcount": "12715"
                            }, 
                            "artistName": "Elf", 
                            "title": "Wonderworld"
                        }, 
                        {
                            "artistMBID": "57e0e9f3-24b5-46a6-be00-be793ca26e21", 
                            "mbid": "0cf70d4b-bb68-4586-9e14-628bc3d0cb83", 
                            "stats": {
                                "listeners": "3155", 
                                "playcount": "11114"
                            }, 
                            "artistName": "Elf", 
                            "title": "Streetwalker"
                        }
                    ], 
                    "country": "US", 
                    "disambiguation": "", 
                    "mbid": "d8d00679-48bc-42a3-9b0d-0830d1bdbbd1", 
                    "packaging": null, 
                    "listeners": "4514", 
                    "date": "1975", 
                    "artistName": "Elf", 
                    "playcount": "70294", 
                    "artistMBID": "57e0e9f3-24b5-46a6-be00-be793ca26e21"
                }
            ], 
            "title": "Trying to Burn the Sun"
        }
    ], 
    "type": "Group"
}