{
    "date": "2019-06-10", 
    "myArtists": [
        {
            "images": [
                {
                    "#text": "https://lastfm-img2.akamaized.net/i/u/34s/2a96cbd8b46e442fc41c2b86b821562f.png", 
                    "size": "small"
                }, 
                {
                    "#text": "https://lastfm-img2.akamaized.net/i/u/64s/2a96cbd8b46e442fc41c2b86b821562f.png", 
                    "size": "medium"
                }, 
                {
                    "#text": "https://lastfm-img2.akamaized.net/i/u/174s/2a96cbd8b46e442fc41c2b86b821562f.png", 
                    "size": "large"
                }, 
                {
                    "#text": "https://lastfm-img2.akamaized.net/i/u/300x300/2a96cbd8b46e442fc41c2b86b821562f.png", 
                    "size": "extralarge"
                }, 
                {
                    "#text": "https://lastfm-img2.akamaized.net/i/u/300x300/2a96cbd8b46e442fc41c2b86b821562f.png", 
                    "size": "mega"
                }, 
                {
                    "#text": "https://lastfm-img2.akamaized.net/i/u/300x300/2a96cbd8b46e442fc41c2b86b821562f.png", 
                    "size": ""
                }
            ], 
            "mbid": "382f1005-e9ab-4684-afd4-0bdae4ee37f2", 
            "stats": {
                "listeners": "2198674", 
                "playcount": "56803487"
            }, 
            "name": "2Pac"
        }, 
        {
            "images": [
                {
                    "#text": "https://lastfm-img2.akamaized.net/i/u/34s/2a96cbd8b46e442fc41c2b86b821562f.png", 
                    "size": "small"
                }, 
                {
                    "#text": "https://lastfm-img2.akamaized.net/i/u/64s/2a96cbd8b46e442fc41c2b86b821562f.png", 
                    "size": "medium"
                }, 
                {
                    "#text": "https://lastfm-img2.akamaized.net/i/u/174s/2a96cbd8b46e442fc41c2b86b821562f.png", 
                    "size": "large"
                }, 
                {
                    "#text": "https://lastfm-img2.akamaized.net/i/u/300x300/2a96cbd8b46e442fc41c2b86b821562f.png", 
                    "size": "extralarge"
                }, 
                {
                    "#text": "https://lastfm-img2.akamaized.net/i/u/300x300/2a96cbd8b46e442fc41c2b86b821562f.png", 
                    "size": "mega"
                }, 
                {
                    "#text": "https://lastfm-img2.akamaized.net/i/u/300x300/2a96cbd8b46e442fc41c2b86b821562f.png", 
                    "size": ""
                }
            ], 
            "mbid": "ee58c59f-8e7f-4430-b8ca-236c4d3745ae", 
            "stats": {
                "listeners": "1375683", 
                "playcount": "31418917"
            }, 
            "name": "Alice Cooper"
        }, 
        {
            "images": [
                {
                    "#text": "https://lastfm-img2.akamaized.net/i/u/34s/2a96cbd8b46e442fc41c2b86b821562f.png", 
                    "size": "small"
                }, 
                {
                    "#text": "https://lastfm-img2.akamaized.net/i/u/64s/2a96cbd8b46e442fc41c2b86b821562f.png", 
                    "size": "medium"
                }, 
                {
                    "#text": "https://lastfm-img2.akamaized.net/i/u/174s/2a96cbd8b46e442fc41c2b86b821562f.png", 
                    "size": "large"
                }, 
                {
                    "#text": "https://lastfm-img2.akamaized.net/i/u/300x300/2a96cbd8b46e442fc41c2b86b821562f.png", 
                    "size": "extralarge"
                }, 
                {
                    "#text": "https://lastfm-img2.akamaized.net/i/u/300x300/2a96cbd8b46e442fc41c2b86b821562f.png", 
                    "size": "mega"
                }, 
                {
                    "#text": "https://lastfm-img2.akamaized.net/i/u/300x300/2a96cbd8b46e442fc41c2b86b821562f.png", 
                    "size": ""
                }
            ], 
            "mbid": "07a85e96-bb72-4930-b41d-24853f4a4ede", 
            "stats": {
                "listeners": "80971", 
                "playcount": "1508172"
            }, 
            "name": "Anvil"
        }, 
        {
            "images": [
                {
                    "#text": "https://lastfm-img2.akamaized.net/i/u/34s/2a96cbd8b46e442fc41c2b86b821562f.png", 
                    "size": "small"
                }, 
                {
                    "#text": "https://lastfm-img2.akamaized.net/i/u/64s/2a96cbd8b46e442fc41c2b86b821562f.png", 
                    "size": "medium"
                }, 
                {
                    "#text": "https://lastfm-img2.akamaized.net/i/u/174s/2a96cbd8b46e442fc41c2b86b821562f.png", 
                    "size": "large"
                }, 
                {
                    "#text": "https://lastfm-img2.akamaized.net/i/u/300x300/2a96cbd8b46e442fc41c2b86b821562f.png", 
                    "size": "extralarge"
                }, 
                {
                    "#text": "https://lastfm-img2.akamaized.net/i/u/300x300/2a96cbd8b46e442fc41c2b86b821562f.png", 
                    "size": "mega"
                }, 
                {
                    "#text": "https://lastfm-img2.akamaized.net/i/u/300x300/2a96cbd8b46e442fc41c2b86b821562f.png", 
                    "size": ""
                }
            ], 
            "mbid": "5182c1d9-c7d2-4dad-afa0-ccfeada921a8", 
            "stats": {
                "listeners": "2452042", 
                "playcount": "101121775"
            }, 
            "name": "Black Sabbath"
        }, 
        {
            "images": [
                {
                    "#text": "https://lastfm-img2.akamaized.net/i/u/34s/2a96cbd8b46e442fc41c2b86b821562f.png", 
                    "size": "small"
                }, 
                {
                    "#text": "https://lastfm-img2.akamaized.net/i/u/64s/2a96cbd8b46e442fc41c2b86b821562f.png", 
                    "size": "medium"
                }, 
                {
                    "#text": "https://lastfm-img2.akamaized.net/i/u/174s/2a96cbd8b46e442fc41c2b86b821562f.png", 
                    "size": "large"
                }, 
                {
                    "#text": "https://lastfm-img2.akamaized.net/i/u/300x300/2a96cbd8b46e442fc41c2b86b821562f.png", 
                    "size": "extralarge"
                }, 
                {
                    "#text": "https://lastfm-img2.akamaized.net/i/u/300x300/2a96cbd8b46e442fc41c2b86b821562f.png", 
                    "size": "mega"
                }, 
                {
                    "#text": "https://lastfm-img2.akamaized.net/i/u/300x300/2a96cbd8b46e442fc41c2b86b821562f.png", 
                    "size": ""
                }
            ], 
            "mbid": "5441c29d-3602-4898-b1a1-b77fa23b8e50", 
            "stats": {
                "listeners": "3366511", 
                "playcount": "194294992"
            }, 
            "name": "David Bowie"
        }, 
        {
            "images": [
                {
                    "#text": "https://lastfm-img2.akamaized.net/i/u/34s/2a96cbd8b46e442fc41c2b86b821562f.png", 
                    "size": "small"
                }, 
                {
                    "#text": "https://lastfm-img2.akamaized.net/i/u/64s/2a96cbd8b46e442fc41c2b86b821562f.png", 
                    "size": "medium"
                }, 
                {
                    "#text": "https://lastfm-img2.akamaized.net/i/u/174s/2a96cbd8b46e442fc41c2b86b821562f.png", 
                    "size": "large"
                }, 
                {
                    "#text": "https://lastfm-img2.akamaized.net/i/u/300x300/2a96cbd8b46e442fc41c2b86b821562f.png", 
                    "size": "extralarge"
                }, 
                {
                    "#text": "https://lastfm-img2.akamaized.net/i/u/300x300/2a96cbd8b46e442fc41c2b86b821562f.png", 
                    "size": "mega"
                }, 
                {
                    "#text": "https://lastfm-img2.akamaized.net/i/u/300x300/2a96cbd8b46e442fc41c2b86b821562f.png", 
                    "size": ""
                }
            ], 
            "mbid": "5d12875c-a197-43b2-8f29-41dc0ad895c3", 
            "stats": {
                "listeners": "151608", 
                "playcount": "1405662"
            }, 
            "name": "Lindsey Buckingham"
        }, 
        {
            "images": [
                {
                    "#text": "https://lastfm-img2.akamaized.net/i/u/34s/2a96cbd8b46e442fc41c2b86b821562f.png", 
                    "size": "small"
                }, 
                {
                    "#text": "https://lastfm-img2.akamaized.net/i/u/64s/2a96cbd8b46e442fc41c2b86b821562f.png", 
                    "size": "medium"
                }, 
                {
                    "#text": "https://lastfm-img2.akamaized.net/i/u/174s/2a96cbd8b46e442fc41c2b86b821562f.png", 
                    "size": "large"
                }, 
                {
                    "#text": "https://lastfm-img2.akamaized.net/i/u/300x300/2a96cbd8b46e442fc41c2b86b821562f.png", 
                    "size": "extralarge"
                }, 
                {
                    "#text": "https://lastfm-img2.akamaized.net/i/u/300x300/2a96cbd8b46e442fc41c2b86b821562f.png", 
                    "size": "mega"
                }, 
                {
                    "#text": "https://lastfm-img2.akamaized.net/i/u/300x300/2a96cbd8b46e442fc41c2b86b821562f.png", 
                    "size": ""
                }
            ], 
            "mbid": "b95ce3ff-3d05-4e87-9e01-c97b66af13d4", 
            "stats": {
                "listeners": "4532096", 
                "playcount": "200851816"
            }, 
            "name": "Eminem"
        }, 
        {
            "images": [
                {
                    "#text": "https://lastfm-img2.akamaized.net/i/u/34s/2a96cbd8b46e442fc41c2b86b821562f.png", 
                    "size": "small"
                }, 
                {
                    "#text": "https://lastfm-img2.akamaized.net/i/u/64s/2a96cbd8b46e442fc41c2b86b821562f.png", 
                    "size": "medium"
                }, 
                {
                    "#text": "https://lastfm-img2.akamaized.net/i/u/174s/2a96cbd8b46e442fc41c2b86b821562f.png", 
                    "size": "large"
                }, 
                {
                    "#text": "https://lastfm-img2.akamaized.net/i/u/300x300/2a96cbd8b46e442fc41c2b86b821562f.png", 
                    "size": "extralarge"
                }, 
                {
                    "#text": "https://lastfm-img2.akamaized.net/i/u/300x300/2a96cbd8b46e442fc41c2b86b821562f.png", 
                    "size": "mega"
                }, 
                {
                    "#text": "https://lastfm-img2.akamaized.net/i/u/300x300/2a96cbd8b46e442fc41c2b86b821562f.png", 
                    "size": ""
                }
            ], 
            "mbid": "04cd0cfd-bfd1-4c36-bc38-95c35e2c045f", 
            "stats": {
                "listeners": "1847140", 
                "playcount": "24621734"
            }, 
            "name": "Cream"
        }, 
        {
            "images": [
                {
                    "#text": "https://lastfm-img2.akamaized.net/i/u/34s/2a96cbd8b46e442fc41c2b86b821562f.png", 
                    "size": "small"
                }, 
                {
                    "#text": "https://lastfm-img2.akamaized.net/i/u/64s/2a96cbd8b46e442fc41c2b86b821562f.png", 
                    "size": "medium"
                }, 
                {
                    "#text": "https://lastfm-img2.akamaized.net/i/u/174s/2a96cbd8b46e442fc41c2b86b821562f.png", 
                    "size": "large"
                }, 
                {
                    "#text": "https://lastfm-img2.akamaized.net/i/u/300x300/2a96cbd8b46e442fc41c2b86b821562f.png", 
                    "size": "extralarge"
                }, 
                {
                    "#text": "https://lastfm-img2.akamaized.net/i/u/300x300/2a96cbd8b46e442fc41c2b86b821562f.png", 
                    "size": "mega"
                }, 
                {
                    "#text": "https://lastfm-img2.akamaized.net/i/u/300x300/2a96cbd8b46e442fc41c2b86b821562f.png", 
                    "size": ""
                }
            ], 
            "mbid": "7249b899-8db8-43e7-9e6e-22f1e736024e", 
            "stats": {
                "listeners": "1110714", 
                "playcount": "22957482"
            }, 
            "name": "Def Leppard"
        }, 
        {
            "images": [
                {
                    "#text": "https://lastfm-img2.akamaized.net/i/u/34s/2a96cbd8b46e442fc41c2b86b821562f.png", 
                    "size": "small"
                }, 
                {
                    "#text": "https://lastfm-img2.akamaized.net/i/u/64s/2a96cbd8b46e442fc41c2b86b821562f.png", 
                    "size": "medium"
                }, 
                {
                    "#text": "https://lastfm-img2.akamaized.net/i/u/174s/2a96cbd8b46e442fc41c2b86b821562f.png", 
                    "size": "large"
                }, 
                {
                    "#text": "https://lastfm-img2.akamaized.net/i/u/300x300/2a96cbd8b46e442fc41c2b86b821562f.png", 
                    "size": "extralarge"
                }, 
                {
                    "#text": "https://lastfm-img2.akamaized.net/i/u/300x300/2a96cbd8b46e442fc41c2b86b821562f.png", 
                    "size": "mega"
                }, 
                {
                    "#text": "https://lastfm-img2.akamaized.net/i/u/300x300/2a96cbd8b46e442fc41c2b86b821562f.png", 
                    "size": ""
                }
            ], 
            "mbid": "c55193fb-f5d2-4839-a263-4c044fca1456", 
            "stats": {
                "listeners": "930171", 
                "playcount": "24019839"
            }, 
            "name": "Dio"
        }, 
        {
            "images": [
                {
                    "#text": "https://lastfm-img2.akamaized.net/i/u/34s/2a96cbd8b46e442fc41c2b86b821562f.png", 
                    "size": "small"
                }, 
                {
                    "#text": "https://lastfm-img2.akamaized.net/i/u/64s/2a96cbd8b46e442fc41c2b86b821562f.png", 
                    "size": "medium"
                }, 
                {
                    "#text": "https://lastfm-img2.akamaized.net/i/u/174s/2a96cbd8b46e442fc41c2b86b821562f.png", 
                    "size": "large"
                }, 
                {
                    "#text": "https://lastfm-img2.akamaized.net/i/u/300x300/2a96cbd8b46e442fc41c2b86b821562f.png", 
                    "size": "extralarge"
                }, 
                {
                    "#text": "https://lastfm-img2.akamaized.net/i/u/300x300/2a96cbd8b46e442fc41c2b86b821562f.png", 
                    "size": "mega"
                }, 
                {
                    "#text": "https://lastfm-img2.akamaized.net/i/u/300x300/2a96cbd8b46e442fc41c2b86b821562f.png", 
                    "size": ""
                }
            ], 
            "mbid": "57e0e9f3-24b5-46a6-be00-be793ca26e21", 
            "stats": {
                "listeners": "84810", 
                "playcount": "751636"
            }, 
            "name": "Elf"
        }, 
        {
            "images": [
                {
                    "#text": "https://lastfm-img2.akamaized.net/i/u/34s/2a96cbd8b46e442fc41c2b86b821562f.png", 
                    "size": "small"
                }, 
                {
                    "#text": "https://lastfm-img2.akamaized.net/i/u/64s/2a96cbd8b46e442fc41c2b86b821562f.png", 
                    "size": "medium"
                }, 
                {
                    "#text": "https://lastfm-img2.akamaized.net/i/u/174s/2a96cbd8b46e442fc41c2b86b821562f.png", 
                    "size": "large"
                }, 
                {
                    "#text": "https://lastfm-img2.akamaized.net/i/u/300x300/2a96cbd8b46e442fc41c2b86b821562f.png", 
                    "size": "extralarge"
                }, 
                {
                    "#text": "https://lastfm-img2.akamaized.net/i/u/300x300/2a96cbd8b46e442fc41c2b86b821562f.png", 
                    "size": "mega"
                }, 
                {
                    "#text": "https://lastfm-img2.akamaized.net/i/u/300x300/2a96cbd8b46e442fc41c2b86b821562f.png", 
                    "size": ""
                }
            ], 
            "mbid": "618b6900-0618-4f1e-b835-bccb17f84294", 
            "stats": {
                "listeners": "2422735", 
                "playcount": "51378128"
            }, 
            "name": "Eric Clapton"
        }, 
        {
            "images": [
                {
                    "#text": "https://lastfm-img2.akamaized.net/i/u/34s/2a96cbd8b46e442fc41c2b86b821562f.png", 
                    "size": "small"
                }, 
                {
                    "#text": "https://lastfm-img2.akamaized.net/i/u/64s/2a96cbd8b46e442fc41c2b86b821562f.png", 
                    "size": "medium"
                }, 
                {
                    "#text": "https://lastfm-img2.akamaized.net/i/u/174s/2a96cbd8b46e442fc41c2b86b821562f.png", 
                    "size": "large"
                }, 
                {
                    "#text": "https://lastfm-img2.akamaized.net/i/u/300x300/2a96cbd8b46e442fc41c2b86b821562f.png", 
                    "size": "extralarge"
                }, 
                {
                    "#text": "https://lastfm-img2.akamaized.net/i/u/300x300/2a96cbd8b46e442fc41c2b86b821562f.png", 
                    "size": "mega"
                }, 
                {
                    "#text": "https://lastfm-img2.akamaized.net/i/u/300x300/2a96cbd8b46e442fc41c2b86b821562f.png", 
                    "size": ""
                }
            ], 
            "mbid": "66bf7876-3898-47fa-8bdd-dc200f946cec", 
            "stats": {
                "listeners": "1410", 
                "playcount": "21423"
            }, 
            "name": "Evil Stig"
        }, 
        {
            "images": [
                {
                    "#text": "https://lastfm-img2.akamaized.net/i/u/34s/2a96cbd8b46e442fc41c2b86b821562f.png", 
                    "size": "small"
                }, 
                {
                    "#text": "https://lastfm-img2.akamaized.net/i/u/64s/2a96cbd8b46e442fc41c2b86b821562f.png", 
                    "size": "medium"
                }, 
                {
                    "#text": "https://lastfm-img2.akamaized.net/i/u/174s/2a96cbd8b46e442fc41c2b86b821562f.png", 
                    "size": "large"
                }, 
                {
                    "#text": "https://lastfm-img2.akamaized.net/i/u/300x300/2a96cbd8b46e442fc41c2b86b821562f.png", 
                    "size": "extralarge"
                }, 
                {
                    "#text": "https://lastfm-img2.akamaized.net/i/u/300x300/2a96cbd8b46e442fc41c2b86b821562f.png", 
                    "size": "mega"
                }, 
                {
                    "#text": "https://lastfm-img2.akamaized.net/i/u/300x300/2a96cbd8b46e442fc41c2b86b821562f.png", 
                    "size": ""
                }
            ], 
            "mbid": "bd13909f-1c29-4c27-a874-d4aaf27c5b1a", 
            "stats": {
                "listeners": "2167921", 
                "playcount": "68304335"
            }, 
            "name": "Fleetwood Mac"
        }, 
        {
            "images": [
                {
                    "#text": "https://lastfm-img2.akamaized.net/i/u/34s/2a96cbd8b46e442fc41c2b86b821562f.png", 
                    "size": "small"
                }, 
                {
                    "#text": "https://lastfm-img2.akamaized.net/i/u/64s/2a96cbd8b46e442fc41c2b86b821562f.png", 
                    "size": "medium"
                }, 
                {
                    "#text": "https://lastfm-img2.akamaized.net/i/u/174s/2a96cbd8b46e442fc41c2b86b821562f.png", 
                    "size": "large"
                }, 
                {
                    "#text": "https://lastfm-img2.akamaized.net/i/u/300x300/2a96cbd8b46e442fc41c2b86b821562f.png", 
                    "size": "extralarge"
                }, 
                {
                    "#text": "https://lastfm-img2.akamaized.net/i/u/300x300/2a96cbd8b46e442fc41c2b86b821562f.png", 
                    "size": "mega"
                }, 
                {
                    "#text": "https://lastfm-img2.akamaized.net/i/u/300x300/2a96cbd8b46e442fc41c2b86b821562f.png", 
                    "size": ""
                }
            ], 
            "mbid": "484a1d40-0fb9-4768-acff-b570cedaacb4", 
            "stats": {
                "listeners": "126923", 
                "playcount": "2231442"
            }, 
            "name": "Heaven & Hell"
        }, 
        {
            "images": [
                {
                    "#text": "https://lastfm-img2.akamaized.net/i/u/34s/2a96cbd8b46e442fc41c2b86b821562f.png", 
                    "size": "small"
                }, 
                {
                    "#text": "https://lastfm-img2.akamaized.net/i/u/64s/2a96cbd8b46e442fc41c2b86b821562f.png", 
                    "size": "medium"
                }, 
                {
                    "#text": "https://lastfm-img2.akamaized.net/i/u/174s/2a96cbd8b46e442fc41c2b86b821562f.png", 
                    "size": "large"
                }, 
                {
                    "#text": "https://lastfm-img2.akamaized.net/i/u/300x300/2a96cbd8b46e442fc41c2b86b821562f.png", 
                    "size": "extralarge"
                }, 
                {
                    "#text": "https://lastfm-img2.akamaized.net/i/u/300x300/2a96cbd8b46e442fc41c2b86b821562f.png", 
                    "size": "mega"
                }, 
                {
                    "#text": "https://lastfm-img2.akamaized.net/i/u/300x300/2a96cbd8b46e442fc41c2b86b821562f.png", 
                    "size": ""
                }
            ], 
            "mbid": "1253e5e9-eaa7-4ce6-81b8-09725e8cee43", 
            "stats": {
                "listeners": "997043", 
                "playcount": "16371767"
            }, 
            "name": "The Stooges"
        }, 
        {
            "images": [
                {
                    "#text": "https://lastfm-img2.akamaized.net/i/u/34s/2a96cbd8b46e442fc41c2b86b821562f.png", 
                    "size": "small"
                }, 
                {
                    "#text": "https://lastfm-img2.akamaized.net/i/u/64s/2a96cbd8b46e442fc41c2b86b821562f.png", 
                    "size": "medium"
                }, 
                {
                    "#text": "https://lastfm-img2.akamaized.net/i/u/174s/2a96cbd8b46e442fc41c2b86b821562f.png", 
                    "size": "large"
                }, 
                {
                    "#text": "https://lastfm-img2.akamaized.net/i/u/300x300/2a96cbd8b46e442fc41c2b86b821562f.png", 
                    "size": "extralarge"
                }, 
                {
                    "#text": "https://lastfm-img2.akamaized.net/i/u/300x300/2a96cbd8b46e442fc41c2b86b821562f.png", 
                    "size": "mega"
                }, 
                {
                    "#text": "https://lastfm-img2.akamaized.net/i/u/300x300/2a96cbd8b46e442fc41c2b86b821562f.png", 
                    "size": ""
                }
            ], 
            "mbid": "6be2828f-6c0d-4059-99d4-fa18acf1a296", 
            "stats": {
                "listeners": "1288109", 
                "playcount": "22568320"
            }, 
            "name": "Janet Jackson"
        }, 
        {
            "images": [
                {
                    "#text": "https://lastfm-img2.akamaized.net/i/u/34s/2a96cbd8b46e442fc41c2b86b821562f.png", 
                    "size": "small"
                }, 
                {
                    "#text": "https://lastfm-img2.akamaized.net/i/u/64s/2a96cbd8b46e442fc41c2b86b821562f.png", 
                    "size": "medium"
                }, 
                {
                    "#text": "https://lastfm-img2.akamaized.net/i/u/174s/2a96cbd8b46e442fc41c2b86b821562f.png", 
                    "size": "large"
                }, 
                {
                    "#text": "https://lastfm-img2.akamaized.net/i/u/300x300/2a96cbd8b46e442fc41c2b86b821562f.png", 
                    "size": "extralarge"
                }, 
                {
                    "#text": "https://lastfm-img2.akamaized.net/i/u/300x300/2a96cbd8b46e442fc41c2b86b821562f.png", 
                    "size": "mega"
                }, 
                {
                    "#text": "https://lastfm-img2.akamaized.net/i/u/300x300/2a96cbd8b46e442fc41c2b86b821562f.png", 
                    "size": ""
                }
            ], 
            "mbid": "519774a4-3b18-4042-b8c0-927845a616c9", 
            "stats": {
                "listeners": "219833", 
                "playcount": "1109476"
            }, 
            "name": "Jimmy Page"
        }, 
        {
            "images": [
                {
                    "#text": "https://lastfm-img2.akamaized.net/i/u/34s/2a96cbd8b46e442fc41c2b86b821562f.png", 
                    "size": "small"
                }, 
                {
                    "#text": "https://lastfm-img2.akamaized.net/i/u/64s/2a96cbd8b46e442fc41c2b86b821562f.png", 
                    "size": "medium"
                }, 
                {
                    "#text": "https://lastfm-img2.akamaized.net/i/u/174s/2a96cbd8b46e442fc41c2b86b821562f.png", 
                    "size": "large"
                }, 
                {
                    "#text": "https://lastfm-img2.akamaized.net/i/u/300x300/2a96cbd8b46e442fc41c2b86b821562f.png", 
                    "size": "extralarge"
                }, 
                {
                    "#text": "https://lastfm-img2.akamaized.net/i/u/300x300/2a96cbd8b46e442fc41c2b86b821562f.png", 
                    "size": "mega"
                }, 
                {
                    "#text": "https://lastfm-img2.akamaized.net/i/u/300x300/2a96cbd8b46e442fc41c2b86b821562f.png", 
                    "size": ""
                }
            ], 
            "mbid": "4a536dbf-8632-4cfd-b9ea-cdb35cb47c44", 
            "stats": {
                "listeners": "0", 
                "playcount": "0"
            }, 
            "name": "Jimmy Page & Robert Plant"
        }, 
        {
            "images": [
                {
                    "#text": "https://lastfm-img2.akamaized.net/i/u/34s/2a96cbd8b46e442fc41c2b86b821562f.png", 
                    "size": "small"
                }, 
                {
                    "#text": "https://lastfm-img2.akamaized.net/i/u/64s/2a96cbd8b46e442fc41c2b86b821562f.png", 
                    "size": "medium"
                }, 
                {
                    "#text": "https://lastfm-img2.akamaized.net/i/u/174s/2a96cbd8b46e442fc41c2b86b821562f.png", 
                    "size": "large"
                }, 
                {
                    "#text": "https://lastfm-img2.akamaized.net/i/u/300x300/2a96cbd8b46e442fc41c2b86b821562f.png", 
                    "size": "extralarge"
                }, 
                {
                    "#text": "https://lastfm-img2.akamaized.net/i/u/300x300/2a96cbd8b46e442fc41c2b86b821562f.png", 
                    "size": "mega"
                }, 
                {
                    "#text": "https://lastfm-img2.akamaized.net/i/u/300x300/2a96cbd8b46e442fc41c2b86b821562f.png", 
                    "size": ""
                }
            ], 
            "mbid": "f376828a-b438-4fda-bb2e-dcd5fbe81f83", 
            "stats": {
                "listeners": 727002, 
                "playcount": 9013842
            }, 
            "name": "Joan Jett"
        }, 
        {
            "images": [
                {
                    "#text": "https://lastfm-img2.akamaized.net/i/u/34s/2a96cbd8b46e442fc41c2b86b821562f.png", 
                    "size": "small"
                }, 
                {
                    "#text": "https://lastfm-img2.akamaized.net/i/u/64s/2a96cbd8b46e442fc41c2b86b821562f.png", 
                    "size": "medium"
                }, 
                {
                    "#text": "https://lastfm-img2.akamaized.net/i/u/174s/2a96cbd8b46e442fc41c2b86b821562f.png", 
                    "size": "large"
                }, 
                {
                    "#text": "https://lastfm-img2.akamaized.net/i/u/300x300/2a96cbd8b46e442fc41c2b86b821562f.png", 
                    "size": "extralarge"
                }, 
                {
                    "#text": "https://lastfm-img2.akamaized.net/i/u/300x300/2a96cbd8b46e442fc41c2b86b821562f.png", 
                    "size": "mega"
                }, 
                {
                    "#text": "https://lastfm-img2.akamaized.net/i/u/300x300/2a96cbd8b46e442fc41c2b86b821562f.png", 
                    "size": ""
                }
            ], 
            "mbid": "b83bc61f-8451-4a5d-8b8e-7e9ed295e822", 
            "stats": {
                "listeners": "2520261", 
                "playcount": "50418659"
            }, 
            "name": "Elton John"
        }, 
        {
            "images": [
                {
                    "#text": "https://lastfm-img2.akamaized.net/i/u/34s/2a96cbd8b46e442fc41c2b86b821562f.png", 
                    "size": "small"
                }, 
                {
                    "#text": "https://lastfm-img2.akamaized.net/i/u/64s/2a96cbd8b46e442fc41c2b86b821562f.png", 
                    "size": "medium"
                }, 
                {
                    "#text": "https://lastfm-img2.akamaized.net/i/u/174s/2a96cbd8b46e442fc41c2b86b821562f.png", 
                    "size": "large"
                }, 
                {
                    "#text": "https://lastfm-img2.akamaized.net/i/u/300x300/2a96cbd8b46e442fc41c2b86b821562f.png", 
                    "size": "extralarge"
                }, 
                {
                    "#text": "https://lastfm-img2.akamaized.net/i/u/300x300/2a96cbd8b46e442fc41c2b86b821562f.png", 
                    "size": "mega"
                }, 
                {
                    "#text": "https://lastfm-img2.akamaized.net/i/u/300x300/2a96cbd8b46e442fc41c2b86b821562f.png", 
                    "size": ""
                }
            ], 
            "mbid": "abd506e1-6f2b-4d6f-b937-92c267f6f88b", 
            "stats": {
                "listeners": "1700819", 
                "playcount": "27706484"
            }, 
            "name": "Journey"
        }, 
        {
            "images": [
                {
                    "#text": "https://lastfm-img2.akamaized.net/i/u/34s/2a96cbd8b46e442fc41c2b86b821562f.png", 
                    "size": "small"
                }, 
                {
                    "#text": "https://lastfm-img2.akamaized.net/i/u/64s/2a96cbd8b46e442fc41c2b86b821562f.png", 
                    "size": "medium"
                }, 
                {
                    "#text": "https://lastfm-img2.akamaized.net/i/u/174s/2a96cbd8b46e442fc41c2b86b821562f.png", 
                    "size": "large"
                }, 
                {
                    "#text": "https://lastfm-img2.akamaized.net/i/u/300x300/2a96cbd8b46e442fc41c2b86b821562f.png", 
                    "size": "extralarge"
                }, 
                {
                    "#text": "https://lastfm-img2.akamaized.net/i/u/300x300/2a96cbd8b46e442fc41c2b86b821562f.png", 
                    "size": "mega"
                }, 
                {
                    "#text": "https://lastfm-img2.akamaized.net/i/u/300x300/2a96cbd8b46e442fc41c2b86b821562f.png", 
                    "size": ""
                }
            ], 
            "mbid": "678d88b2-87b0-403b-b63d-5da7465aecc3", 
            "stats": {
                "listeners": "2942835", 
                "playcount": "189247610"
            }, 
            "name": "Led Zeppelin"
        }, 
        {
            "images": [
                {
                    "#text": "https://lastfm-img2.akamaized.net/i/u/34s/2a96cbd8b46e442fc41c2b86b821562f.png", 
                    "size": "small"
                }, 
                {
                    "#text": "https://lastfm-img2.akamaized.net/i/u/64s/2a96cbd8b46e442fc41c2b86b821562f.png", 
                    "size": "medium"
                }, 
                {
                    "#text": "https://lastfm-img2.akamaized.net/i/u/174s/2a96cbd8b46e442fc41c2b86b821562f.png", 
                    "size": "large"
                }, 
                {
                    "#text": "https://lastfm-img2.akamaized.net/i/u/300x300/2a96cbd8b46e442fc41c2b86b821562f.png", 
                    "size": "extralarge"
                }, 
                {
                    "#text": "https://lastfm-img2.akamaized.net/i/u/300x300/2a96cbd8b46e442fc41c2b86b821562f.png", 
                    "size": "mega"
                }, 
                {
                    "#text": "https://lastfm-img2.akamaized.net/i/u/300x300/2a96cbd8b46e442fc41c2b86b821562f.png", 
                    "size": ""
                }
            ], 
            "mbid": "b134d1bf-c7c7-4427-93ac-9fdbc2b59ef1", 
            "stats": {
                "listeners": "773121", 
                "playcount": "10824332"
            }, 
            "name": "Meat Loaf"
        }, 
        {
            "images": [
                {
                    "#text": "https://lastfm-img2.akamaized.net/i/u/34s/2a96cbd8b46e442fc41c2b86b821562f.png", 
                    "size": "small"
                }, 
                {
                    "#text": "https://lastfm-img2.akamaized.net/i/u/64s/2a96cbd8b46e442fc41c2b86b821562f.png", 
                    "size": "medium"
                }, 
                {
                    "#text": "https://lastfm-img2.akamaized.net/i/u/174s/2a96cbd8b46e442fc41c2b86b821562f.png", 
                    "size": "large"
                }, 
                {
                    "#text": "https://lastfm-img2.akamaized.net/i/u/300x300/2a96cbd8b46e442fc41c2b86b821562f.png", 
                    "size": "extralarge"
                }, 
                {
                    "#text": "https://lastfm-img2.akamaized.net/i/u/300x300/2a96cbd8b46e442fc41c2b86b821562f.png", 
                    "size": "mega"
                }, 
                {
                    "#text": "https://lastfm-img2.akamaized.net/i/u/300x300/2a96cbd8b46e442fc41c2b86b821562f.png", 
                    "size": ""
                }
            ], 
            "mbid": "26f07661-e115-471d-a930-206f5c89d17c", 
            "stats": {
                "listeners": "1057205", 
                "playcount": "29726551"
            }, 
            "name": "M\u00f6tley Cr\u00fce"
        }, 
        {
            "images": [
                {
                    "#text": "https://lastfm-img2.akamaized.net/i/u/34s/2a96cbd8b46e442fc41c2b86b821562f.png", 
                    "size": "small"
                }, 
                {
                    "#text": "https://lastfm-img2.akamaized.net/i/u/64s/2a96cbd8b46e442fc41c2b86b821562f.png", 
                    "size": "medium"
                }, 
                {
                    "#text": "https://lastfm-img2.akamaized.net/i/u/174s/2a96cbd8b46e442fc41c2b86b821562f.png", 
                    "size": "large"
                }, 
                {
                    "#text": "https://lastfm-img2.akamaized.net/i/u/300x300/2a96cbd8b46e442fc41c2b86b821562f.png", 
                    "size": "extralarge"
                }, 
                {
                    "#text": "https://lastfm-img2.akamaized.net/i/u/300x300/2a96cbd8b46e442fc41c2b86b821562f.png", 
                    "size": "mega"
                }, 
                {
                    "#text": "https://lastfm-img2.akamaized.net/i/u/300x300/2a96cbd8b46e442fc41c2b86b821562f.png", 
                    "size": ""
                }
            ], 
            "mbid": "75167b8b-44e4-407b-9d35-effe87b223cf", 
            "stats": {
                "listeners": "1761931", 
                "playcount": "64082803"
            }, 
            "name": "Neil Young"
        }, 
        {
            "images": [
                {
                    "#text": "https://lastfm-img2.akamaized.net/i/u/34s/2a96cbd8b46e442fc41c2b86b821562f.png", 
                    "size": "small"
                }, 
                {
                    "#text": "https://lastfm-img2.akamaized.net/i/u/64s/2a96cbd8b46e442fc41c2b86b821562f.png", 
                    "size": "medium"
                }, 
                {
                    "#text": "https://lastfm-img2.akamaized.net/i/u/174s/2a96cbd8b46e442fc41c2b86b821562f.png", 
                    "size": "large"
                }, 
                {
                    "#text": "https://lastfm-img2.akamaized.net/i/u/300x300/2a96cbd8b46e442fc41c2b86b821562f.png", 
                    "size": "extralarge"
                }, 
                {
                    "#text": "https://lastfm-img2.akamaized.net/i/u/300x300/2a96cbd8b46e442fc41c2b86b821562f.png", 
                    "size": "mega"
                }, 
                {
                    "#text": "https://lastfm-img2.akamaized.net/i/u/300x300/2a96cbd8b46e442fc41c2b86b821562f.png", 
                    "size": ""
                }
            ], 
            "mbid": "b7f2cca2-72c6-41fb-ae33-53370fc62fe7", 
            "stats": {
                "listeners": "589339", 
                "playcount": "7133579"
            }, 
            "name": "Stevie Nicks"
        }, 
        {
            "images": [
                {
                    "#text": "https://lastfm-img2.akamaized.net/i/u/34s/2a96cbd8b46e442fc41c2b86b821562f.png", 
                    "size": "small"
                }, 
                {
                    "#text": "https://lastfm-img2.akamaized.net/i/u/64s/2a96cbd8b46e442fc41c2b86b821562f.png", 
                    "size": "medium"
                }, 
                {
                    "#text": "https://lastfm-img2.akamaized.net/i/u/174s/2a96cbd8b46e442fc41c2b86b821562f.png", 
                    "size": "large"
                }, 
                {
                    "#text": "https://lastfm-img2.akamaized.net/i/u/300x300/2a96cbd8b46e442fc41c2b86b821562f.png", 
                    "size": "extralarge"
                }, 
                {
                    "#text": "https://lastfm-img2.akamaized.net/i/u/300x300/2a96cbd8b46e442fc41c2b86b821562f.png", 
                    "size": "mega"
                }, 
                {
                    "#text": "https://lastfm-img2.akamaized.net/i/u/300x300/2a96cbd8b46e442fc41c2b86b821562f.png", 
                    "size": ""
                }
            ], 
            "mbid": "8aa5b65a-5b3c-4029-92bf-47a544356934", 
            "stats": {
                "listeners": "1786341", 
                "playcount": "47282733"
            }, 
            "name": "Ozzy Osbourne"
        }, 
        {
            "images": [
                {
                    "#text": "https://lastfm-img2.akamaized.net/i/u/34s/2a96cbd8b46e442fc41c2b86b821562f.png", 
                    "size": "small"
                }, 
                {
                    "#text": "https://lastfm-img2.akamaized.net/i/u/64s/2a96cbd8b46e442fc41c2b86b821562f.png", 
                    "size": "medium"
                }, 
                {
                    "#text": "https://lastfm-img2.akamaized.net/i/u/174s/2a96cbd8b46e442fc41c2b86b821562f.png", 
                    "size": "large"
                }, 
                {
                    "#text": "https://lastfm-img2.akamaized.net/i/u/300x300/2a96cbd8b46e442fc41c2b86b821562f.png", 
                    "size": "extralarge"
                }, 
                {
                    "#text": "https://lastfm-img2.akamaized.net/i/u/300x300/2a96cbd8b46e442fc41c2b86b821562f.png", 
                    "size": "mega"
                }, 
                {
                    "#text": "https://lastfm-img2.akamaized.net/i/u/300x300/2a96cbd8b46e442fc41c2b86b821562f.png", 
                    "size": ""
                }
            ], 
            "mbid": "bd53f9a7-8be9-46b0-bf7d-1deea3cb57bc", 
            "stats": {
                "listeners": "546601", 
                "playcount": "6643617"
            }, 
            "name": "Robert Plant"
        }, 
        {
            "images": [
                {
                    "#text": "https://lastfm-img2.akamaized.net/i/u/34s/2a96cbd8b46e442fc41c2b86b821562f.png", 
                    "size": "small"
                }, 
                {
                    "#text": "https://lastfm-img2.akamaized.net/i/u/64s/2a96cbd8b46e442fc41c2b86b821562f.png", 
                    "size": "medium"
                }, 
                {
                    "#text": "https://lastfm-img2.akamaized.net/i/u/174s/2a96cbd8b46e442fc41c2b86b821562f.png", 
                    "size": "large"
                }, 
                {
                    "#text": "https://lastfm-img2.akamaized.net/i/u/300x300/2a96cbd8b46e442fc41c2b86b821562f.png", 
                    "size": "extralarge"
                }, 
                {
                    "#text": "https://lastfm-img2.akamaized.net/i/u/300x300/2a96cbd8b46e442fc41c2b86b821562f.png", 
                    "size": "mega"
                }, 
                {
                    "#text": "https://lastfm-img2.akamaized.net/i/u/300x300/2a96cbd8b46e442fc41c2b86b821562f.png", 
                    "size": ""
                }
            ], 
            "mbid": "f37b3f31-b1f8-4b88-8cb5-b34f709b17d7", 
            "stats": {
                "listeners": "1522539", 
                "playcount": "26235171"
            }, 
            "name": "Iggy Pop"
        }, 
        {
            "images": [
                {
                    "#text": "https://lastfm-img2.akamaized.net/i/u/34s/2a96cbd8b46e442fc41c2b86b821562f.png", 
                    "size": "small"
                }, 
                {
                    "#text": "https://lastfm-img2.akamaized.net/i/u/64s/2a96cbd8b46e442fc41c2b86b821562f.png", 
                    "size": "medium"
                }, 
                {
                    "#text": "https://lastfm-img2.akamaized.net/i/u/174s/2a96cbd8b46e442fc41c2b86b821562f.png", 
                    "size": "large"
                }, 
                {
                    "#text": "https://lastfm-img2.akamaized.net/i/u/300x300/2a96cbd8b46e442fc41c2b86b821562f.png", 
                    "size": "extralarge"
                }, 
                {
                    "#text": "https://lastfm-img2.akamaized.net/i/u/300x300/2a96cbd8b46e442fc41c2b86b821562f.png", 
                    "size": "mega"
                }, 
                {
                    "#text": "https://lastfm-img2.akamaized.net/i/u/300x300/2a96cbd8b46e442fc41c2b86b821562f.png", 
                    "size": ""
                }
            ], 
            "mbid": "0383dadf-2a4e-4d10-a46a-e9e041da8eb3", 
            "stats": {
                "listeners": "4039901", 
                "playcount": "193569717"
            }, 
            "name": "Queen"
        }, 
        {
            "images": [
                {
                    "#text": "https://lastfm-img2.akamaized.net/i/u/34s/2a96cbd8b46e442fc41c2b86b821562f.png", 
                    "size": "small"
                }, 
                {
                    "#text": "https://lastfm-img2.akamaized.net/i/u/64s/2a96cbd8b46e442fc41c2b86b821562f.png", 
                    "size": "medium"
                }, 
                {
                    "#text": "https://lastfm-img2.akamaized.net/i/u/174s/2a96cbd8b46e442fc41c2b86b821562f.png", 
                    "size": "large"
                }, 
                {
                    "#text": "https://lastfm-img2.akamaized.net/i/u/300x300/2a96cbd8b46e442fc41c2b86b821562f.png", 
                    "size": "extralarge"
                }, 
                {
                    "#text": "https://lastfm-img2.akamaized.net/i/u/300x300/2a96cbd8b46e442fc41c2b86b821562f.png", 
                    "size": "mega"
                }, 
                {
                    "#text": "https://lastfm-img2.akamaized.net/i/u/300x300/2a96cbd8b46e442fc41c2b86b821562f.png", 
                    "size": ""
                }
            ], 
            "mbid": "5c6acb91-4b9b-4245-b92f-e817295c4ed0", 
            "stats": {
                "listeners": "517383", 
                "playcount": "4290566"
            }, 
            "name": "Quiet Riot"
        }, 
        {
            "images": [
                {
                    "#text": "https://lastfm-img2.akamaized.net/i/u/34s/2a96cbd8b46e442fc41c2b86b821562f.png", 
                    "size": "small"
                }, 
                {
                    "#text": "https://lastfm-img2.akamaized.net/i/u/64s/2a96cbd8b46e442fc41c2b86b821562f.png", 
                    "size": "medium"
                }, 
                {
                    "#text": "https://lastfm-img2.akamaized.net/i/u/174s/2a96cbd8b46e442fc41c2b86b821562f.png", 
                    "size": "large"
                }, 
                {
                    "#text": "https://lastfm-img2.akamaized.net/i/u/300x300/2a96cbd8b46e442fc41c2b86b821562f.png", 
                    "size": "extralarge"
                }, 
                {
                    "#text": "https://lastfm-img2.akamaized.net/i/u/300x300/2a96cbd8b46e442fc41c2b86b821562f.png", 
                    "size": "mega"
                }, 
                {
                    "#text": "https://lastfm-img2.akamaized.net/i/u/300x300/2a96cbd8b46e442fc41c2b86b821562f.png", 
                    "size": ""
                }
            ], 
            "mbid": "a74b1b7f-71a5-4011-9441-d0b5e4122711", 
            "stats": {
                "listeners": "4744453", 
                "playcount": "501776695"
            }, 
            "name": "Radiohead"
        }, 
        {
            "images": [
                {
                    "#text": "https://lastfm-img2.akamaized.net/i/u/34s/2a96cbd8b46e442fc41c2b86b821562f.png", 
                    "size": "small"
                }, 
                {
                    "#text": "https://lastfm-img2.akamaized.net/i/u/64s/2a96cbd8b46e442fc41c2b86b821562f.png", 
                    "size": "medium"
                }, 
                {
                    "#text": "https://lastfm-img2.akamaized.net/i/u/174s/2a96cbd8b46e442fc41c2b86b821562f.png", 
                    "size": "large"
                }, 
                {
                    "#text": "https://lastfm-img2.akamaized.net/i/u/300x300/2a96cbd8b46e442fc41c2b86b821562f.png", 
                    "size": "extralarge"
                }, 
                {
                    "#text": "https://lastfm-img2.akamaized.net/i/u/300x300/2a96cbd8b46e442fc41c2b86b821562f.png", 
                    "size": "mega"
                }, 
                {
                    "#text": "https://lastfm-img2.akamaized.net/i/u/300x300/2a96cbd8b46e442fc41c2b86b821562f.png", 
                    "size": ""
                }
            ], 
            "mbid": "e3cb4543-210f-499a-b0d1-3882c312dfb9", 
            "stats": {
                "listeners": "869144", 
                "playcount": "17936866"
            }, 
            "name": "Rainbow"
        }, 
        {
            "images": [
                {
                    "#text": "https://lastfm-img2.akamaized.net/i/u/34s/2a96cbd8b46e442fc41c2b86b821562f.png", 
                    "size": "small"
                }, 
                {
                    "#text": "https://lastfm-img2.akamaized.net/i/u/64s/2a96cbd8b46e442fc41c2b86b821562f.png", 
                    "size": "medium"
                }, 
                {
                    "#text": "https://lastfm-img2.akamaized.net/i/u/174s/2a96cbd8b46e442fc41c2b86b821562f.png", 
                    "size": "large"
                }, 
                {
                    "#text": "https://lastfm-img2.akamaized.net/i/u/300x300/2a96cbd8b46e442fc41c2b86b821562f.png", 
                    "size": "extralarge"
                }, 
                {
                    "#text": "https://lastfm-img2.akamaized.net/i/u/300x300/2a96cbd8b46e442fc41c2b86b821562f.png", 
                    "size": "mega"
                }, 
                {
                    "#text": "https://lastfm-img2.akamaized.net/i/u/300x300/2a96cbd8b46e442fc41c2b86b821562f.png", 
                    "size": ""
                }
            ], 
            "mbid": "9f6c4063-ce0a-4b71-a7b7-a32c91997260", 
            "stats": {
                "listeners": "2840", 
                "playcount": "43076"
            }, 
            "name": "Ronnie Dio and the Prophets"
        }, 
        {
            "images": [
                {
                    "#text": "https://lastfm-img2.akamaized.net/i/u/34s/2a96cbd8b46e442fc41c2b86b821562f.png", 
                    "size": "small"
                }, 
                {
                    "#text": "https://lastfm-img2.akamaized.net/i/u/64s/2a96cbd8b46e442fc41c2b86b821562f.png", 
                    "size": "medium"
                }, 
                {
                    "#text": "https://lastfm-img2.akamaized.net/i/u/174s/2a96cbd8b46e442fc41c2b86b821562f.png", 
                    "size": "large"
                }, 
                {
                    "#text": "https://lastfm-img2.akamaized.net/i/u/300x300/2a96cbd8b46e442fc41c2b86b821562f.png", 
                    "size": "extralarge"
                }, 
                {
                    "#text": "https://lastfm-img2.akamaized.net/i/u/300x300/2a96cbd8b46e442fc41c2b86b821562f.png", 
                    "size": "mega"
                }, 
                {
                    "#text": "https://lastfm-img2.akamaized.net/i/u/300x300/2a96cbd8b46e442fc41c2b86b821562f.png", 
                    "size": ""
                }
            ], 
            "mbid": "883871a1-f154-4df8-a7f7-558ea456dd0a", 
            "stats": {
                "listeners": "82", 
                "playcount": "158"
            }, 
            "name": "Ronnie Dio and the Red Caps"
        }, 
        {
            "images": [
                {
                    "#text": "https://lastfm-img2.akamaized.net/i/u/34s/2a96cbd8b46e442fc41c2b86b821562f.png", 
                    "size": "small"
                }, 
                {
                    "#text": "https://lastfm-img2.akamaized.net/i/u/64s/2a96cbd8b46e442fc41c2b86b821562f.png", 
                    "size": "medium"
                }, 
                {
                    "#text": "https://lastfm-img2.akamaized.net/i/u/174s/2a96cbd8b46e442fc41c2b86b821562f.png", 
                    "size": "large"
                }, 
                {
                    "#text": "https://lastfm-img2.akamaized.net/i/u/300x300/2a96cbd8b46e442fc41c2b86b821562f.png", 
                    "size": "extralarge"
                }, 
                {
                    "#text": "https://lastfm-img2.akamaized.net/i/u/300x300/2a96cbd8b46e442fc41c2b86b821562f.png", 
                    "size": "mega"
                }, 
                {
                    "#text": "https://lastfm-img2.akamaized.net/i/u/300x300/2a96cbd8b46e442fc41c2b86b821562f.png", 
                    "size": ""
                }
            ], 
            "mbid": "331ce348-1b08-40b9-8ed7-0763b92bd003", 
            "stats": {
                "listeners": "833791", 
                "playcount": "13896893"
            }, 
            "name": "Roxy Music"
        }, 
        {
            "images": [
                {
                    "#text": "https://lastfm-img2.akamaized.net/i/u/34s/2a96cbd8b46e442fc41c2b86b821562f.png", 
                    "size": "small"
                }, 
                {
                    "#text": "https://lastfm-img2.akamaized.net/i/u/64s/2a96cbd8b46e442fc41c2b86b821562f.png", 
                    "size": "medium"
                }, 
                {
                    "#text": "https://lastfm-img2.akamaized.net/i/u/174s/2a96cbd8b46e442fc41c2b86b821562f.png", 
                    "size": "large"
                }, 
                {
                    "#text": "https://lastfm-img2.akamaized.net/i/u/300x300/2a96cbd8b46e442fc41c2b86b821562f.png", 
                    "size": "extralarge"
                }, 
                {
                    "#text": "https://lastfm-img2.akamaized.net/i/u/300x300/2a96cbd8b46e442fc41c2b86b821562f.png", 
                    "size": "mega"
                }, 
                {
                    "#text": "https://lastfm-img2.akamaized.net/i/u/300x300/2a96cbd8b46e442fc41c2b86b821562f.png", 
                    "size": ""
                }
            ], 
            "mbid": "bbd80354-597e-4d53-94e4-92b3a7cb8f2c", 
            "stats": {
                "listeners": "426383", 
                "playcount": "10142150"
            }, 
            "name": "Saxon"
        }, 
        {
            "images": [
                {
                    "#text": "https://lastfm-img2.akamaized.net/i/u/34s/2a96cbd8b46e442fc41c2b86b821562f.png", 
                    "size": "small"
                }, 
                {
                    "#text": "https://lastfm-img2.akamaized.net/i/u/64s/2a96cbd8b46e442fc41c2b86b821562f.png", 
                    "size": "medium"
                }, 
                {
                    "#text": "https://lastfm-img2.akamaized.net/i/u/174s/2a96cbd8b46e442fc41c2b86b821562f.png", 
                    "size": "large"
                }, 
                {
                    "#text": "https://lastfm-img2.akamaized.net/i/u/300x300/2a96cbd8b46e442fc41c2b86b821562f.png", 
                    "size": "extralarge"
                }, 
                {
                    "#text": "https://lastfm-img2.akamaized.net/i/u/300x300/2a96cbd8b46e442fc41c2b86b821562f.png", 
                    "size": "mega"
                }, 
                {
                    "#text": "https://lastfm-img2.akamaized.net/i/u/300x300/2a96cbd8b46e442fc41c2b86b821562f.png", 
                    "size": ""
                }
            ], 
            "mbid": "2cb3b264-277f-4d8f-bc86-1923ff8abdc0", 
            "stats": {
                "listeners": "189", 
                "playcount": "888"
            }, 
            "name": "Stoney & Meatloaf"
        }, 
        {
            "images": [
                {
                    "#text": "https://lastfm-img2.akamaized.net/i/u/34s/2a96cbd8b46e442fc41c2b86b821562f.png", 
                    "size": "small"
                }, 
                {
                    "#text": "https://lastfm-img2.akamaized.net/i/u/64s/2a96cbd8b46e442fc41c2b86b821562f.png", 
                    "size": "medium"
                }, 
                {
                    "#text": "https://lastfm-img2.akamaized.net/i/u/174s/2a96cbd8b46e442fc41c2b86b821562f.png", 
                    "size": "large"
                }, 
                {
                    "#text": "https://lastfm-img2.akamaized.net/i/u/300x300/2a96cbd8b46e442fc41c2b86b821562f.png", 
                    "size": "extralarge"
                }, 
                {
                    "#text": "https://lastfm-img2.akamaized.net/i/u/300x300/2a96cbd8b46e442fc41c2b86b821562f.png", 
                    "size": "mega"
                }, 
                {
                    "#text": "https://lastfm-img2.akamaized.net/i/u/300x300/2a96cbd8b46e442fc41c2b86b821562f.png", 
                    "size": ""
                }
            ], 
            "mbid": "e491fae8-3a5a-438e-8368-925753fb41a1", 
            "stats": {
                "listeners": "457480", 
                "playcount": "3780534"
            }, 
            "name": "Ted Nugent"
        }, 
        {
            "images": [
                {
                    "#text": "https://lastfm-img2.akamaized.net/i/u/34s/2a96cbd8b46e442fc41c2b86b821562f.png", 
                    "size": "small"
                }, 
                {
                    "#text": "https://lastfm-img2.akamaized.net/i/u/64s/2a96cbd8b46e442fc41c2b86b821562f.png", 
                    "size": "medium"
                }, 
                {
                    "#text": "https://lastfm-img2.akamaized.net/i/u/174s/2a96cbd8b46e442fc41c2b86b821562f.png", 
                    "size": "large"
                }, 
                {
                    "#text": "https://lastfm-img2.akamaized.net/i/u/300x300/2a96cbd8b46e442fc41c2b86b821562f.png", 
                    "size": "extralarge"
                }, 
                {
                    "#text": "https://lastfm-img2.akamaized.net/i/u/300x300/2a96cbd8b46e442fc41c2b86b821562f.png", 
                    "size": "mega"
                }, 
                {
                    "#text": "https://lastfm-img2.akamaized.net/i/u/300x300/2a96cbd8b46e442fc41c2b86b821562f.png", 
                    "size": ""
                }
            ], 
            "mbid": "1a03f20c-26dd-4c26-bbe8-426e05ea46d5", 
            "stats": {
                "listeners": "59215", 
                "playcount": "344438"
            }, 
            "name": "The Amboy Dukes"
        }, 
        {
            "images": [
                {
                    "#text": "https://lastfm-img2.akamaized.net/i/u/34s/2a96cbd8b46e442fc41c2b86b821562f.png", 
                    "size": "small"
                }, 
                {
                    "#text": "https://lastfm-img2.akamaized.net/i/u/64s/2a96cbd8b46e442fc41c2b86b821562f.png", 
                    "size": "medium"
                }, 
                {
                    "#text": "https://lastfm-img2.akamaized.net/i/u/174s/2a96cbd8b46e442fc41c2b86b821562f.png", 
                    "size": "large"
                }, 
                {
                    "#text": "https://lastfm-img2.akamaized.net/i/u/300x300/2a96cbd8b46e442fc41c2b86b821562f.png", 
                    "size": "extralarge"
                }, 
                {
                    "#text": "https://lastfm-img2.akamaized.net/i/u/300x300/2a96cbd8b46e442fc41c2b86b821562f.png", 
                    "size": "mega"
                }, 
                {
                    "#text": "https://lastfm-img2.akamaized.net/i/u/300x300/2a96cbd8b46e442fc41c2b86b821562f.png", 
                    "size": ""
                }
            ], 
            "mbid": "69ee3720-a7cb-4402-b48d-a02c366f2bcf", 
            "stats": {
                "listeners": "2943649", 
                "playcount": "157264760"
            }, 
            "name": "The Cure"
        }, 
        {
            "images": [
                {
                    "#text": "https://lastfm-img2.akamaized.net/i/u/34s/2a96cbd8b46e442fc41c2b86b821562f.png", 
                    "size": "small"
                }, 
                {
                    "#text": "https://lastfm-img2.akamaized.net/i/u/64s/2a96cbd8b46e442fc41c2b86b821562f.png", 
                    "size": "medium"
                }, 
                {
                    "#text": "https://lastfm-img2.akamaized.net/i/u/174s/2a96cbd8b46e442fc41c2b86b821562f.png", 
                    "size": "large"
                }, 
                {
                    "#text": "https://lastfm-img2.akamaized.net/i/u/300x300/2a96cbd8b46e442fc41c2b86b821562f.png", 
                    "size": "extralarge"
                }, 
                {
                    "#text": "https://lastfm-img2.akamaized.net/i/u/300x300/2a96cbd8b46e442fc41c2b86b821562f.png", 
                    "size": "mega"
                }, 
                {
                    "#text": "https://lastfm-img2.akamaized.net/i/u/300x300/2a96cbd8b46e442fc41c2b86b821562f.png", 
                    "size": ""
                }
            ], 
            "mbid": "30f9591a-778b-40dd-be8f-105589f9c998", 
            "stats": {
                "listeners": "283", 
                "playcount": "1669"
            }, 
            "name": "The Electric Elves"
        }, 
        {
            "images": [
                {
                    "#text": "https://lastfm-img2.akamaized.net/i/u/34s/2a96cbd8b46e442fc41c2b86b821562f.png", 
                    "size": "small"
                }, 
                {
                    "#text": "https://lastfm-img2.akamaized.net/i/u/64s/2a96cbd8b46e442fc41c2b86b821562f.png", 
                    "size": "medium"
                }, 
                {
                    "#text": "https://lastfm-img2.akamaized.net/i/u/174s/2a96cbd8b46e442fc41c2b86b821562f.png", 
                    "size": "large"
                }, 
                {
                    "#text": "https://lastfm-img2.akamaized.net/i/u/300x300/2a96cbd8b46e442fc41c2b86b821562f.png", 
                    "size": "extralarge"
                }, 
                {
                    "#text": "https://lastfm-img2.akamaized.net/i/u/300x300/2a96cbd8b46e442fc41c2b86b821562f.png", 
                    "size": "mega"
                }, 
                {
                    "#text": "https://lastfm-img2.akamaized.net/i/u/300x300/2a96cbd8b46e442fc41c2b86b821562f.png", 
                    "size": ""
                }
            ], 
            "mbid": "c08ced1f-d248-4368-90e5-bf579b3bf5de", 
            "stats": {
                "listeners": "87452", 
                "playcount": "581893"
            }, 
            "name": "The Firm"
        }, 
        {
            "images": [
                {
                    "#text": "https://lastfm-img2.akamaized.net/i/u/34s/2a96cbd8b46e442fc41c2b86b821562f.png", 
                    "size": "small"
                }, 
                {
                    "#text": "https://lastfm-img2.akamaized.net/i/u/64s/2a96cbd8b46e442fc41c2b86b821562f.png", 
                    "size": "medium"
                }, 
                {
                    "#text": "https://lastfm-img2.akamaized.net/i/u/174s/2a96cbd8b46e442fc41c2b86b821562f.png", 
                    "size": "large"
                }, 
                {
                    "#text": "https://lastfm-img2.akamaized.net/i/u/300x300/2a96cbd8b46e442fc41c2b86b821562f.png", 
                    "size": "extralarge"
                }, 
                {
                    "#text": "https://lastfm-img2.akamaized.net/i/u/300x300/2a96cbd8b46e442fc41c2b86b821562f.png", 
                    "size": "mega"
                }, 
                {
                    "#text": "https://lastfm-img2.akamaized.net/i/u/300x300/2a96cbd8b46e442fc41c2b86b821562f.png", 
                    "size": ""
                }
            ], 
            "mbid": "ded0d67a-eb71-4fe9-83c0-1d18b8ed497e", 
            "stats": {
                "listeners": "375578", 
                "playcount": "4853134"
            }, 
            "name": "The Runaways"
        }, 
        {
            "images": [
                {
                    "#text": "https://lastfm-img2.akamaized.net/i/u/34s/2a96cbd8b46e442fc41c2b86b821562f.png", 
                    "size": "small"
                }, 
                {
                    "#text": "https://lastfm-img2.akamaized.net/i/u/64s/2a96cbd8b46e442fc41c2b86b821562f.png", 
                    "size": "medium"
                }, 
                {
                    "#text": "https://lastfm-img2.akamaized.net/i/u/174s/2a96cbd8b46e442fc41c2b86b821562f.png", 
                    "size": "large"
                }, 
                {
                    "#text": "https://lastfm-img2.akamaized.net/i/u/300x300/2a96cbd8b46e442fc41c2b86b821562f.png", 
                    "size": "extralarge"
                }, 
                {
                    "#text": "https://lastfm-img2.akamaized.net/i/u/300x300/2a96cbd8b46e442fc41c2b86b821562f.png", 
                    "size": "mega"
                }, 
                {
                    "#text": "https://lastfm-img2.akamaized.net/i/u/300x300/2a96cbd8b46e442fc41c2b86b821562f.png", 
                    "size": ""
                }
            ], 
            "mbid": "794c6bf2-3241-416f-9b8f-24e2d84a1c4b", 
            "stats": {
                "listeners": "997043", 
                "playcount": "16371767"
            }, 
            "name": "The Stooges"
        }, 
        {
            "images": [
                {
                    "#text": "https://lastfm-img2.akamaized.net/i/u/34s/2a96cbd8b46e442fc41c2b86b821562f.png", 
                    "size": "small"
                }, 
                {
                    "#text": "https://lastfm-img2.akamaized.net/i/u/64s/2a96cbd8b46e442fc41c2b86b821562f.png", 
                    "size": "medium"
                }, 
                {
                    "#text": "https://lastfm-img2.akamaized.net/i/u/174s/2a96cbd8b46e442fc41c2b86b821562f.png", 
                    "size": "large"
                }, 
                {
                    "#text": "https://lastfm-img2.akamaized.net/i/u/300x300/2a96cbd8b46e442fc41c2b86b821562f.png", 
                    "size": "extralarge"
                }, 
                {
                    "#text": "https://lastfm-img2.akamaized.net/i/u/300x300/2a96cbd8b46e442fc41c2b86b821562f.png", 
                    "size": "mega"
                }, 
                {
                    "#text": "https://lastfm-img2.akamaized.net/i/u/300x300/2a96cbd8b46e442fc41c2b86b821562f.png", 
                    "size": ""
                }
            ], 
            "mbid": "191de76f-a224-445d-b041-54df16d65bf7", 
            "stats": {
                "listeners": "1020585", 
                "playcount": "9553600"
            }, 
            "name": "The Yardbirds"
        }, 
        {
            "images": [
                {
                    "#text": "https://lastfm-img2.akamaized.net/i/u/34s/2a96cbd8b46e442fc41c2b86b821562f.png", 
                    "size": "small"
                }, 
                {
                    "#text": "https://lastfm-img2.akamaized.net/i/u/64s/2a96cbd8b46e442fc41c2b86b821562f.png", 
                    "size": "medium"
                }, 
                {
                    "#text": "https://lastfm-img2.akamaized.net/i/u/174s/2a96cbd8b46e442fc41c2b86b821562f.png", 
                    "size": "large"
                }, 
                {
                    "#text": "https://lastfm-img2.akamaized.net/i/u/300x300/2a96cbd8b46e442fc41c2b86b821562f.png", 
                    "size": "extralarge"
                }, 
                {
                    "#text": "https://lastfm-img2.akamaized.net/i/u/300x300/2a96cbd8b46e442fc41c2b86b821562f.png", 
                    "size": "mega"
                }, 
                {
                    "#text": "https://lastfm-img2.akamaized.net/i/u/300x300/2a96cbd8b46e442fc41c2b86b821562f.png", 
                    "size": ""
                }
            ], 
            "mbid": "230ca093-1d00-4c57-9235-147942f66930", 
            "stats": {
                "listeners": "910053", 
                "playcount": "13916761"
            }, 
            "name": "The Zombies"
        }, 
        {
            "images": [
                {
                    "#text": "https://lastfm-img2.akamaized.net/i/u/34s/2a96cbd8b46e442fc41c2b86b821562f.png", 
                    "size": "small"
                }, 
                {
                    "#text": "https://lastfm-img2.akamaized.net/i/u/64s/2a96cbd8b46e442fc41c2b86b821562f.png", 
                    "size": "medium"
                }, 
                {
                    "#text": "https://lastfm-img2.akamaized.net/i/u/174s/2a96cbd8b46e442fc41c2b86b821562f.png", 
                    "size": "large"
                }, 
                {
                    "#text": "https://lastfm-img2.akamaized.net/i/u/300x300/2a96cbd8b46e442fc41c2b86b821562f.png", 
                    "size": "extralarge"
                }, 
                {
                    "#text": "https://lastfm-img2.akamaized.net/i/u/300x300/2a96cbd8b46e442fc41c2b86b821562f.png", 
                    "size": "mega"
                }, 
                {
                    "#text": "https://lastfm-img2.akamaized.net/i/u/300x300/2a96cbd8b46e442fc41c2b86b821562f.png", 
                    "size": ""
                }
            ], 
            "mbid": "1a9a8ca0-ea8e-4e9e-96aa-288155bb2c5d", 
            "stats": {
                "listeners": "372043", 
                "playcount": "5129989"
            }, 
            "name": "Todd Rundgren"
        }, 
        {
            "images": [
                {
                    "#text": "https://lastfm-img2.akamaized.net/i/u/34s/2a96cbd8b46e442fc41c2b86b821562f.png", 
                    "size": "small"
                }, 
                {
                    "#text": "https://lastfm-img2.akamaized.net/i/u/64s/2a96cbd8b46e442fc41c2b86b821562f.png", 
                    "size": "medium"
                }, 
                {
                    "#text": "https://lastfm-img2.akamaized.net/i/u/174s/2a96cbd8b46e442fc41c2b86b821562f.png", 
                    "size": "large"
                }, 
                {
                    "#text": "https://lastfm-img2.akamaized.net/i/u/300x300/2a96cbd8b46e442fc41c2b86b821562f.png", 
                    "size": "extralarge"
                }, 
                {
                    "#text": "https://lastfm-img2.akamaized.net/i/u/300x300/2a96cbd8b46e442fc41c2b86b821562f.png", 
                    "size": "mega"
                }, 
                {
                    "#text": "https://lastfm-img2.akamaized.net/i/u/300x300/2a96cbd8b46e442fc41c2b86b821562f.png", 
                    "size": ""
                }
            ], 
            "mbid": "37283116-f2cc-47cb-8806-facd063b564f", 
            "stats": {
                "listeners": "42345", 
                "playcount": "556482"
            }, 
            "name": "Utopia"
        }
    ]
}