{
    "genres": [
        "Dio", 
        "Ronnie James Dio", 
        "classic rock", 
        "oldies", 
        "rock"
    ], 
    "stats": {
        "listeners": "2830", 
        "playcount": "42948"
    }, 
    "name": "Ronnie Dio and the Prophets", 
    "mbid": "9f6c4063-ce0a-4b71-a7b7-a32c91997260", 
    "birthday": "1961", 
    "date": "2019-05-06", 
    "albums": [
        {
            "mbid": "42d0ce9d-cf48-39d3-a110-6c3b65a8e7e4", 
            "releases": [
                {
                    "name": "Gonna Make It Alone", 
                    "tracks": [
                        {
                            "artistMBID": "9f6c4063-ce0a-4b71-a7b7-a32c91997260", 
                            "mbid": "2f7e7ce1-d916-42d5-9333-45b8b2daa332", 
                            "stats": {
                                "listeners": "468", 
                                "playcount": "1262"
                            }, 
                            "artistName": "Ronnie Dio and the Prophets", 
                            "title": "Gonna Make It Alone"
                        }, 
                        {
                            "artistMBID": "9f6c4063-ce0a-4b71-a7b7-a32c91997260", 
                            "mbid": "853fa084-9955-464a-ab5d-e602781f1d26", 
                            "stats": {
                                "listeners": "308", 
                                "playcount": "727"
                            }, 
                            "artistName": "Ronnie Dio and the Prophets", 
                            "title": "Swingin' Street"
                        }
                    ], 
                    "country": "", 
                    "disambiguation": "", 
                    "mbid": "1b67d076-a71c-4378-b31b-dc40632b6304", 
                    "packaging": null, 
                    "listeners": "41", 
                    "date": "", 
                    "artistName": "Ronnie Dio and the Prophets", 
                    "playcount": "172", 
                    "artistMBID": "9f6c4063-ce0a-4b71-a7b7-a32c91997260"
                }
            ], 
            "title": "Gonna Make It Alone"
        }, 
        {
            "mbid": "515a580f-ba5d-46bf-98f9-fac41600d946", 
            "releases": [], 
            "title": "Walking in Different Circles"
        }, 
        {
            "mbid": "5343806a-8168-308b-9e57-99baa7cbc10a", 
            "releases": [
                {
                    "name": "Where You Gonna Run To, Girl", 
                    "tracks": [
                        {
                            "artistMBID": "9f6c4063-ce0a-4b71-a7b7-a32c91997260", 
                            "mbid": "6669b361-9ce3-4ca3-a4cd-27b1ac08b192", 
                            "stats": {
                                "listeners": "17", 
                                "playcount": "42"
                            }, 
                            "artistName": "Ronnie Dio and the Prophets", 
                            "title": "Where You Gonna Run To, Girl"
                        }, 
                        {
                            "artistMBID": "9f6c4063-ce0a-4b71-a7b7-a32c91997260", 
                            "mbid": "bc8fdb9e-d5d1-43a5-b351-a0ddcb6216b7", 
                            "stats": {
                                "listeners": "245", 
                                "playcount": "615"
                            }, 
                            "artistName": "Ronnie Dio and the Prophets", 
                            "title": "Say You're Mine Again"
                        }
                    ], 
                    "country": "", 
                    "disambiguation": "", 
                    "mbid": "0d6d77f7-3b70-4d91-ae23-c5ea5a9076ab", 
                    "packaging": null, 
                    "listeners": "11", 
                    "date": "", 
                    "artistName": "Ronnie Dio and the Prophets", 
                    "playcount": "26", 
                    "artistMBID": "9f6c4063-ce0a-4b71-a7b7-a32c91997260"
                }
            ], 
            "title": "Where You Gonna Run To, Girl"
        }, 
        {
            "mbid": "745de774-85c3-42a6-98c5-0481f8a4262c", 
            "releases": [], 
            "title": "Love Potion No. 9"
        }, 
        {
            "mbid": "93153d5d-d178-3d35-a816-e5b42ad49929", 
            "releases": [
                {
                    "name": "The Ooh-Poo-Pah-Doo", 
                    "tracks": [
                        {
                            "artistMBID": "9f6c4063-ce0a-4b71-a7b7-a32c91997260", 
                            "mbid": "98240ded-efae-4f3e-903d-bbad47ed3038", 
                            "stats": {
                                "listeners": "88", 
                                "playcount": "282"
                            }, 
                            "artistName": "Ronnie Dio and the Prophets", 
                            "title": "The Ooh-Poo-Pah-Doo"
                        }
                    ], 
                    "country": "", 
                    "disambiguation": "", 
                    "mbid": "bfc97e67-5003-4d2d-9f6d-5a0190aaf3e9", 
                    "packaging": null, 
                    "listeners": "26", 
                    "date": "", 
                    "artistName": "Ronnie Dio and the Prophets", 
                    "playcount": "117", 
                    "artistMBID": "9f6c4063-ce0a-4b71-a7b7-a32c91997260"
                }
            ], 
            "title": "The Ooh-Poo-Pah-Doo"
        }, 
        {
            "mbid": "ccc2870a-7190-4a06-9362-3563e7bb2d34", 
            "releases": [], 
            "title": "Bad Man in Town"
        }, 
        {
            "mbid": "d730f6fd-f09b-4b51-b43d-4b8d3214bd59", 
            "releases": [], 
            "title": "The Early Years"
        }, 
        {
            "mbid": "dc0a5cbe-0a85-35dc-ab03-edd6cd8b3ba2", 
            "releases": [
                {
                    "name": "Dio at Domino's", 
                    "tracks": [
                        {
                            "artistMBID": "9f6c4063-ce0a-4b71-a7b7-a32c91997260", 
                            "mbid": "831e0a48-11db-4e85-84fa-82f65f89544e", 
                            "stats": {
                                "listeners": "914", 
                                "playcount": "2618"
                            }, 
                            "artistName": "Ronnie Dio and the Prophets", 
                            "title": "Follow Me"
                        }, 
                        {
                            "artistMBID": "9f6c4063-ce0a-4b71-a7b7-a32c91997260", 
                            "mbid": "f341d419-80b1-4274-932b-e7fc4c84b4f2", 
                            "stats": {
                                "listeners": "106", 
                                "playcount": "310"
                            }, 
                            "artistName": "Ronnie Dio and the Prophets", 
                            "title": "Blue Days, Blue Nights"
                        }, 
                        {
                            "artistMBID": "9f6c4063-ce0a-4b71-a7b7-a32c91997260", 
                            "mbid": "dc05d112-99ad-4b7f-b594-228ba9dd36c4", 
                            "stats": {
                                "listeners": "724", 
                                "playcount": "1774"
                            }, 
                            "artistName": "Ronnie Dio and the Prophets", 
                            "title": "I Left My Heart in San Francisco"
                        }, 
                        {
                            "artistMBID": "9f6c4063-ce0a-4b71-a7b7-a32c91997260", 
                            "mbid": "024ee663-4818-4d1d-8083-11b70aadbbf7", 
                            "stats": {
                                "listeners": "667", 
                                "playcount": "1728"
                            }, 
                            "artistName": "Ronnie Dio and the Prophets", 
                            "title": "Red Top"
                        }, 
                        {
                            "artistMBID": "9f6c4063-ce0a-4b71-a7b7-a32c91997260", 
                            "mbid": "83a8f535-d628-49f6-b820-d25c32b53134", 
                            "stats": {
                                "listeners": "750", 
                                "playcount": "2169"
                            }, 
                            "artistName": "Ronnie Dio and the Prophets", 
                            "title": "An Angel Is Missing"
                        }, 
                        {
                            "artistMBID": "9f6c4063-ce0a-4b71-a7b7-a32c91997260", 
                            "mbid": "9f079c36-831f-4716-8b7e-bd1edfe5d437", 
                            "stats": {
                                "listeners": "664", 
                                "playcount": "1847"
                            }, 
                            "artistName": "Ronnie Dio and the Prophets", 
                            "title": "Irresistible You"
                        }, 
                        {
                            "artistMBID": "9f6c4063-ce0a-4b71-a7b7-a32c91997260", 
                            "mbid": "79111501-4c92-474b-8f7f-b1bb978b56d9", 
                            "stats": {
                                "listeners": "699", 
                                "playcount": "1817"
                            }, 
                            "artistName": "Ronnie Dio and the Prophets", 
                            "title": "I Told You So"
                        }, 
                        {
                            "artistMBID": "9f6c4063-ce0a-4b71-a7b7-a32c91997260", 
                            "mbid": "4394cfcf-7420-4147-acfd-5610d0701d68", 
                            "stats": {
                                "listeners": "668", 
                                "playcount": "1760"
                            }, 
                            "artistName": "Ronnie Dio and the Prophets", 
                            "title": "Everybody's Got a Dance"
                        }, 
                        {
                            "artistMBID": "9f6c4063-ce0a-4b71-a7b7-a32c91997260", 
                            "mbid": "2eb53eb6-8e58-487b-b761-27c6b203c725", 
                            "stats": {
                                "listeners": "566", 
                                "playcount": "1384"
                            }, 
                            "artistName": "Ronnie Dio and the Prophets", 
                            "title": "Don't Take Your Love From Me"
                        }, 
                        {
                            "artistMBID": "9f6c4063-ce0a-4b71-a7b7-a32c91997260", 
                            "mbid": "bae83b46-c405-43c4-9ae8-25455b367b21", 
                            "stats": {
                                "listeners": "102", 
                                "playcount": "259"
                            }, 
                            "artistName": "Ronnie Dio and the Prophets", 
                            "title": "Make Johnny Blue"
                        }, 
                        {
                            "artistMBID": "9f6c4063-ce0a-4b71-a7b7-a32c91997260", 
                            "mbid": "b2bd235f-a5bc-4318-beab-a2f1301e8749", 
                            "stats": {
                                "listeners": "741", 
                                "playcount": "1969"
                            }, 
                            "artistName": "Ronnie Dio and the Prophets", 
                            "title": "Great Balls of Fire"
                        }
                    ], 
                    "country": "US", 
                    "disambiguation": "", 
                    "mbid": "5f88bd5a-9067-4c76-a768-9d6618ed4b47", 
                    "packaging": null, 
                    "listeners": "1100", 
                    "date": "1963", 
                    "artistName": "Ronnie Dio and the Prophets", 
                    "playcount": "15512", 
                    "artistMBID": "9f6c4063-ce0a-4b71-a7b7-a32c91997260"
                }
            ], 
            "title": "Dio at Domino's"
        }
    ], 
    "type": "Group"
}