{
    "genres": [], 
    "taskDuration": {
        "Task Duration": 7.4392969608306885, 
        "Task End": 1559621090.627266, 
        "Task Start": 1559621083.187969
    }, 
    "stats": {
        "listeners": "82", 
        "playcount": "158"
    }, 
    "name": "Ronnie Dio and the Red Caps", 
    "mbid": "883871a1-f154-4df8-a7f7-558ea456dd0a", 
    "birthday": "1958", 
    "date": "2019-06-04", 
    "albums": [
        {
            "mbid": "83117edd-557e-324a-a619-373f4e0eb451", 
            "releases": [
                {
                    "name": "An Angel Is Missing", 
                    "tracks": [
                        {
                            "artistMBID": "883871a1-f154-4df8-a7f7-558ea456dd0a", 
                            "mbid": "c7114b3e-41c6-4f3c-bb3e-3de87823a51f", 
                            "stats": {
                                "listeners": "73", 
                                "playcount": "113"
                            }, 
                            "artistName": "Ronnie Dio and the Red Caps", 
                            "title": "An Angel Is Missing"
                        }, 
                        {
                            "artistMBID": "883871a1-f154-4df8-a7f7-558ea456dd0a", 
                            "mbid": "b8b9a9f4-0eb7-4ef2-8918-f3fdd1df78b4", 
                            "stats": {
                                "listeners": "8", 
                                "playcount": "10"
                            }, 
                            "artistName": "Ronnie Dio and the Red Caps", 
                            "title": "What'd I Say"
                        }
                    ], 
                    "country": "US", 
                    "disambiguation": "", 
                    "mbid": "452478d7-0a6b-4ee0-8daf-ddd98722517e", 
                    "packaging": null, 
                    "listeners": "23", 
                    "date": "1960", 
                    "artistName": "Ronnie Dio and the Red Caps", 
                    "playcount": "30", 
                    "artistMBID": "883871a1-f154-4df8-a7f7-558ea456dd0a"
                }
            ], 
            "title": "An Angel Is Missing"
        }, 
        {
            "mbid": "b25cff85-df41-336b-ba16-e71dd6e82e83", 
            "releases": [
                {
                    "name": "Conquest", 
                    "tracks": [
                        {
                            "artistMBID": "883871a1-f154-4df8-a7f7-558ea456dd0a", 
                            "mbid": "30f71bcb-852b-4fc6-a9cb-9e2e2722b72d", 
                            "stats": {
                                "listeners": "3", 
                                "playcount": "5"
                            }, 
                            "artistName": "Ronnie Dio and the Red Caps", 
                            "title": "Conquest"
                        }, 
                        {
                            "artistMBID": "883871a1-f154-4df8-a7f7-558ea456dd0a", 
                            "mbid": "52fc8ad2-e78d-4805-8c9a-069723ca4141", 
                            "stats": {
                                "listeners": "4", 
                                "playcount": "8"
                            }, 
                            "artistName": "Ronnie Dio and the Red Caps", 
                            "title": "Lover"
                        }
                    ], 
                    "country": "US", 
                    "disambiguation": "", 
                    "mbid": "bded0bf1-bb45-4e5e-b327-64bedf0102b6", 
                    "packaging": null, 
                    "listeners": "1", 
                    "date": "1958", 
                    "artistName": "Ronnie Dio and the Red Caps", 
                    "playcount": "2", 
                    "artistMBID": "883871a1-f154-4df8-a7f7-558ea456dd0a"
                }
            ], 
            "title": "Conquest"
        }, 
        {
            "mbid": "f335fb28-9af3-46b1-8dd7-7ad22f35f09f", 
            "releases": [], 
            "title": "Lover"
        }
    ], 
    "type": "Group"
}