{
    "genres": [
        "rock", 
        "hard rock"
    ], 
    "stats": {
        "listeners": "189", 
        "playcount": "887"
    }, 
    "name": "Stoney & Meatloaf", 
    "mbid": "2cb3b264-277f-4d8f-bc86-1923ff8abdc0", 
    "birthday": "1971", 
    "date": "2019-05-06", 
    "albums": [
        {
            "mbid": "2e95e0c2-4d0a-40e8-afc1-0223fb3de26c", 
            "releases": [
                {
                    "name": "It Takes All Kinds of People / The Way You Do the Things You Do", 
                    "tracks": [
                        {
                            "artistMBID": "2cb3b264-277f-4d8f-bc86-1923ff8abdc0", 
                            "mbid": "9d8a623c-a3a4-494d-a626-f57afd1ca67f", 
                            "stats": {
                                "listeners": "84", 
                                "playcount": "131"
                            }, 
                            "artistName": "Stoney & Meatloaf", 
                            "title": "It Takes All Kinds of People"
                        }, 
                        {
                            "artistMBID": "2cb3b264-277f-4d8f-bc86-1923ff8abdc0", 
                            "mbid": "16960c21-df9b-40b3-b15d-d4b451b1464f", 
                            "stats": {
                                "listeners": "41", 
                                "playcount": "69"
                            }, 
                            "artistName": "Stoney & Meatloaf", 
                            "title": "The Way You Do the Things You Do"
                        }
                    ], 
                    "country": "US", 
                    "disambiguation": "", 
                    "mbid": "fb86634f-74da-4a85-966d-81cf4c94eda5", 
                    "packaging": null, 
                    "listeners": "0", 
                    "date": "1971", 
                    "artistName": "Stoney & Meatloaf", 
                    "playcount": "0", 
                    "artistMBID": "2cb3b264-277f-4d8f-bc86-1923ff8abdc0"
                }
            ], 
            "title": "It Takes All Kinds of People / The Way You Do the Things You Do"
        }, 
        {
            "mbid": "665bed20-f71e-4ba0-9234-69dee64beacc", 
            "releases": [
                {
                    "name": "Featuring Stoney and Meatloaf", 
                    "tracks": [
                        {
                            "artistMBID": "2cb3b264-277f-4d8f-bc86-1923ff8abdc0", 
                            "mbid": "d392f3bb-de55-4ad4-86db-7b84b6cdba8d", 
                            "stats": {
                                "listeners": "27", 
                                "playcount": "49"
                            }, 
                            "artistName": "Stoney & Meatloaf", 
                            "title": "Jimmy Bell"
                        }, 
                        {
                            "artistMBID": "2cb3b264-277f-4d8f-bc86-1923ff8abdc0", 
                            "mbid": "f5b83097-2fb6-4bfa-abff-67a6d1f4d0de", 
                            "stats": {
                                "listeners": "23", 
                                "playcount": "37"
                            }, 
                            "artistName": "Stoney & Meatloaf", 
                            "title": "She Waits by the Window"
                        }, 
                        {
                            "artistMBID": "2cb3b264-277f-4d8f-bc86-1923ff8abdc0", 
                            "mbid": "65509136-5eee-4ae7-93eb-3eb235c68c42", 
                            "stats": {
                                "listeners": "84", 
                                "playcount": "131"
                            }, 
                            "artistName": "Stoney & Meatloaf", 
                            "title": "It Takes All Kinds of People"
                        }, 
                        {
                            "artistMBID": "2cb3b264-277f-4d8f-bc86-1923ff8abdc0", 
                            "mbid": "46132502-6fea-461f-b125-9496a0d500fb", 
                            "stats": {
                                "listeners": "9", 
                                "playcount": "22"
                            }, 
                            "artistName": "Stoney & Meatloaf", 
                            "title": "Stone Heart"
                        }, 
                        {
                            "artistMBID": "2cb3b264-277f-4d8f-bc86-1923ff8abdc0", 
                            "mbid": "06e1267e-a598-4c04-92b8-dc438381d7e9", 
                            "stats": {
                                "listeners": "5", 
                                "playcount": "11"
                            }, 
                            "artistName": "Stoney & Meatloaf", 
                            "title": "Who Is the Leader of the People"
                        }, 
                        {
                            "artistMBID": "2cb3b264-277f-4d8f-bc86-1923ff8abdc0", 
                            "mbid": "845e71ff-4de0-4bdb-88af-d2453e879235", 
                            "stats": {
                                "listeners": "23", 
                                "playcount": "43"
                            }, 
                            "artistName": "Stoney & Meatloaf", 
                            "title": "Kiss Me Again"
                        }, 
                        {
                            "artistMBID": "2cb3b264-277f-4d8f-bc86-1923ff8abdc0", 
                            "mbid": "de1fddc9-a0ad-44d6-80f7-df68f07a2bfd", 
                            "stats": {
                                "listeners": "19", 
                                "playcount": "33"
                            }, 
                            "artistName": "Stoney & Meatloaf", 
                            "title": "Sunshine (Where's Heaven)"
                        }, 
                        {
                            "artistMBID": "2cb3b264-277f-4d8f-bc86-1923ff8abdc0", 
                            "mbid": "45b9b88d-2165-4bd1-b05b-99b4f2784aa4", 
                            "stats": {
                                "listeners": "21", 
                                "playcount": "36"
                            }, 
                            "artistName": "Stoney & Meatloaf", 
                            "title": "Jessica White"
                        }, 
                        {
                            "artistMBID": "2cb3b264-277f-4d8f-bc86-1923ff8abdc0", 
                            "mbid": "365c5fc0-d894-4f69-9b8f-9f6e8914e76c", 
                            "stats": {
                                "listeners": "13", 
                                "playcount": "27"
                            }, 
                            "artistName": "Stoney & Meatloaf", 
                            "title": "Everything Under the Sun"
                        }
                    ], 
                    "country": "US", 
                    "disambiguation": "", 
                    "mbid": "0d560e54-6827-435c-aaa3-c8d732629f5c", 
                    "packaging": null, 
                    "listeners": "4", 
                    "date": "1978", 
                    "artistName": "Stoney & Meatloaf", 
                    "playcount": "11", 
                    "artistMBID": "2cb3b264-277f-4d8f-bc86-1923ff8abdc0"
                }, 
                {
                    "name": "Stoney & Meatloaf", 
                    "tracks": [
                        {
                            "artistMBID": "2cb3b264-277f-4d8f-bc86-1923ff8abdc0", 
                            "mbid": "fcf0c3e3-9a03-41e6-a440-60825c8d0f86", 
                            "stats": {
                                "listeners": "17", 
                                "playcount": "42"
                            }, 
                            "artistName": "Stoney & Meatloaf", 
                            "title": "(I'd Love to Be) As Heavy as Jesus"
                        }, 
                        {
                            "artistMBID": "2cb3b264-277f-4d8f-bc86-1923ff8abdc0", 
                            "mbid": "40dfcb35-1c40-40ef-8a68-eaf0992ab4ef", 
                            "stats": {
                                "listeners": "23", 
                                "playcount": "37"
                            }, 
                            "artistName": "Stoney & Meatloaf", 
                            "title": "She Waits by the Window"
                        }, 
                        {
                            "artistMBID": "2cb3b264-277f-4d8f-bc86-1923ff8abdc0", 
                            "mbid": "da0eca80-181f-4676-8c9d-4c90438600d4", 
                            "stats": {
                                "listeners": "84", 
                                "playcount": "131"
                            }, 
                            "artistName": "Stoney & Meatloaf", 
                            "title": "It Takes All Kinds of People"
                        }, 
                        {
                            "artistMBID": "2cb3b264-277f-4d8f-bc86-1923ff8abdc0", 
                            "mbid": "cc995c16-6664-44ac-b6ca-97257191fa5e", 
                            "stats": {
                                "listeners": "11", 
                                "playcount": "29"
                            }, 
                            "artistName": "Stoney & Meatloaf", 
                            "title": "Game of Love"
                        }, 
                        {
                            "artistMBID": "2cb3b264-277f-4d8f-bc86-1923ff8abdc0", 
                            "mbid": "043c66b8-4121-47ff-b9e0-80622ba3d615", 
                            "stats": {
                                "listeners": "23", 
                                "playcount": "43"
                            }, 
                            "artistName": "Stoney & Meatloaf", 
                            "title": "Kiss Me Again"
                        }, 
                        {
                            "artistMBID": "2cb3b264-277f-4d8f-bc86-1923ff8abdc0", 
                            "mbid": "94cdad58-9a25-4a9b-9a64-80ce92f4cfd4", 
                            "stats": {
                                "listeners": "19", 
                                "playcount": "33"
                            }, 
                            "artistName": "Stoney & Meatloaf", 
                            "title": "Sunshine (Where's Heaven)"
                        }, 
                        {
                            "artistMBID": "2cb3b264-277f-4d8f-bc86-1923ff8abdc0", 
                            "mbid": "eb76a8f1-437f-4a03-b275-cc66e2779b95", 
                            "stats": {
                                "listeners": "27", 
                                "playcount": "49"
                            }, 
                            "artistName": "Stoney & Meatloaf", 
                            "title": "Jimmy Bell"
                        }, 
                        {
                            "artistMBID": "2cb3b264-277f-4d8f-bc86-1923ff8abdc0", 
                            "mbid": "1f6ee81d-ce8a-4ebb-a53b-5ffe4b999a74", 
                            "stats": {
                                "listeners": "21", 
                                "playcount": "36"
                            }, 
                            "artistName": "Stoney & Meatloaf", 
                            "title": "Jessica White"
                        }
                    ], 
                    "country": "US", 
                    "disambiguation": "", 
                    "mbid": "4dc22059-95ee-47fa-8fac-8939df29ef5c", 
                    "packaging": null, 
                    "listeners": "21", 
                    "date": "1971", 
                    "artistName": "Stoney & Meatloaf", 
                    "playcount": "169", 
                    "artistMBID": "2cb3b264-277f-4d8f-bc86-1923ff8abdc0"
                }, 
                {
                    "name": "Meat Loaf featuring Stoney and Meatloaf", 
                    "tracks": [
                        {
                            "artistMBID": "2cb3b264-277f-4d8f-bc86-1923ff8abdc0", 
                            "mbid": "19c6dedb-56f6-4476-bedc-e55de62e4962", 
                            "stats": {
                                "listeners": "318", 
                                "playcount": "649"
                            }, 
                            "artistName": "Stoney & Meatloaf", 
                            "title": "Jimmy Bell"
                        }, 
                        {
                            "artistMBID": "2cb3b264-277f-4d8f-bc86-1923ff8abdc0", 
                            "mbid": "9e7125df-456b-4ca7-8abd-6557a6d64720", 
                            "stats": {
                                "listeners": "294", 
                                "playcount": "801"
                            }, 
                            "artistName": "Stoney & Meatloaf", 
                            "title": "She Waits by the Window"
                        }, 
                        {
                            "artistMBID": "2cb3b264-277f-4d8f-bc86-1923ff8abdc0", 
                            "mbid": "6f31db7d-6c6c-45f4-8bdc-0ae1fb8db00c", 
                            "stats": {
                                "listeners": "333", 
                                "playcount": "728"
                            }, 
                            "artistName": "Stoney & Meatloaf", 
                            "title": "It Takes All Kind of People"
                        }, 
                        {
                            "artistMBID": "2cb3b264-277f-4d8f-bc86-1923ff8abdc0", 
                            "mbid": "ffe419c2-e7d3-4c64-bfea-e08d173e5306", 
                            "stats": {
                                "listeners": "210", 
                                "playcount": "538"
                            }, 
                            "artistName": "Stoney & Meatloaf", 
                            "title": "Stone Heart"
                        }, 
                        {
                            "artistMBID": "2cb3b264-277f-4d8f-bc86-1923ff8abdc0", 
                            "mbid": "d8c5f34c-7520-4682-b7e9-d3099e980daf", 
                            "stats": {
                                "listeners": "117", 
                                "playcount": "240"
                            }, 
                            "artistName": "Stoney & Meatloaf", 
                            "title": "Who's the Leader of the People"
                        }, 
                        {
                            "artistMBID": "2cb3b264-277f-4d8f-bc86-1923ff8abdc0", 
                            "mbid": "a5e0269f-8f6b-4651-9c15-7cf38856906d", 
                            "stats": {
                                "listeners": "852", 
                                "playcount": "2448"
                            }, 
                            "artistName": "Stoney & Meatloaf", 
                            "title": "What You See Is What You Get"
                        }, 
                        {
                            "artistMBID": "2cb3b264-277f-4d8f-bc86-1923ff8abdc0", 
                            "mbid": "50bb8a2c-a482-4fbe-9cee-ebed89411b66", 
                            "stats": {
                                "listeners": "291", 
                                "playcount": "653"
                            }, 
                            "artistName": "Stoney & Meatloaf", 
                            "title": "Kiss Me Again"
                        }, 
                        {
                            "artistMBID": "2cb3b264-277f-4d8f-bc86-1923ff8abdc0", 
                            "mbid": "9e02bf9c-7cd4-45ba-8abf-9f24e87f3253", 
                            "stats": {
                                "listeners": "258", 
                                "playcount": "624"
                            }, 
                            "artistName": "Stoney & Meatloaf", 
                            "title": "Sunshine (Where's Heaven)"
                        }, 
                        {
                            "artistMBID": "2cb3b264-277f-4d8f-bc86-1923ff8abdc0", 
                            "mbid": "31b1c5bf-04d7-4f1a-83e7-88ac58e0b0d7", 
                            "stats": {
                                "listeners": "270", 
                                "playcount": "680"
                            }, 
                            "artistName": "Stoney & Meatloaf", 
                            "title": "Jessica White"
                        }, 
                        {
                            "artistMBID": "2cb3b264-277f-4d8f-bc86-1923ff8abdc0", 
                            "mbid": "6fd8cf71-ddfe-491e-b20b-1a04c9f5420d", 
                            "stats": {
                                "listeners": "299", 
                                "playcount": "772"
                            }, 
                            "artistName": "Stoney & Meatloaf", 
                            "title": "Lady Be Mine"
                        }, 
                        {
                            "artistMBID": "2cb3b264-277f-4d8f-bc86-1923ff8abdc0", 
                            "mbid": "f3e30d97-e199-4726-a5ac-ff51f6341e1c", 
                            "stats": {
                                "listeners": "192", 
                                "playcount": "510"
                            }, 
                            "artistName": "Stoney & Meatloaf", 
                            "title": "Everything Under the Sun"
                        }
                    ], 
                    "country": "XE", 
                    "disambiguation": "", 
                    "mbid": "7e669e83-6dc1-4c09-9bac-e5db15944077", 
                    "packaging": null, 
                    "listeners": "26", 
                    "date": "1978", 
                    "artistName": "Stoney & Meatloaf", 
                    "playcount": "251", 
                    "artistMBID": "2cb3b264-277f-4d8f-bc86-1923ff8abdc0"
                }
            ], 
            "title": "Stoney & Meatloaf"
        }, 
        {
            "mbid": "cd373642-788d-4869-8d8a-8da03fa70294", 
            "releases": [
                {
                    "name": "What You See Is What You Get / Lady Be Mine", 
                    "tracks": [], 
                    "country": "US", 
                    "disambiguation": "", 
                    "mbid": "a6f2b9c9-d9a2-444a-adbe-90967cd53405", 
                    "packaging": null, 
                    "listeners": "0", 
                    "date": "1971-04-14", 
                    "artistName": "Stoney & Meatloaf", 
                    "playcount": "0", 
                    "artistMBID": "2cb3b264-277f-4d8f-bc86-1923ff8abdc0"
                }
            ], 
            "title": "What You See Is What You Get / Lady Be Mine"
        }
    ], 
    "type": "Group"
}