{
    "genres": [
        "classic rock", 
        "Hip-Hop", 
        "rock", 
        "hard rock", 
        "rap"
    ], 
    "taskDuration": {
        "Task Duration": 55.360862016677856, 
        "Task End": 1559103915.223037, 
        "Task Start": 1559103859.862175
    }, 
    "stats": {
        "listeners": "87411", 
        "playcount": "580927"
    }, 
    "name": "The Firm", 
    "mbid": "c08ced1f-d248-4368-90e5-bf579b3bf5de", 
    "birthday": "1984", 
    "date": "2019-05-29", 
    "albums": [
        {
            "mbid": "14758f95-23b1-4d29-ba8c-604e31c68750", 
            "releases": [
                {
                    "name": "Radioactive", 
                    "tracks": [
                        {
                            "artistMBID": "c08ced1f-d248-4368-90e5-bf579b3bf5de", 
                            "mbid": "996a7c4c-dde7-4c85-a077-cf26d3ab5e5d", 
                            "stats": {
                                "listeners": "22781", 
                                "playcount": "68803"
                            }, 
                            "artistName": "The Firm", 
                            "title": "Radioactive"
                        }, 
                        {
                            "artistMBID": "c08ced1f-d248-4368-90e5-bf579b3bf5de", 
                            "mbid": "b48d346c-e7e6-4032-bdb9-000042ff606a", 
                            "stats": {
                                "listeners": "4652", 
                                "playcount": "9744"
                            }, 
                            "artistName": "The Firm", 
                            "title": "Together"
                        }
                    ], 
                    "country": "None", 
                    "disambiguation": "", 
                    "mbid": "01b6b006-3893-4d01-9ba3-4dcc5a889d7a", 
                    "packaging": null, 
                    "listeners": "44", 
                    "date": "1985", 
                    "artistName": "The Firm", 
                    "playcount": "263", 
                    "artistMBID": "c08ced1f-d248-4368-90e5-bf579b3bf5de"
                }
            ], 
            "title": "Radioactive"
        }, 
        {
            "mbid": "240d2609-89f1-3b40-9b98-68404c5630cb", 
            "releases": [
                {
                    "name": "Jimmy Page's Firm", 
                    "tracks": [
                        {
                            "artistMBID": "c08ced1f-d248-4368-90e5-bf579b3bf5de", 
                            "mbid": "c6212cda-0d58-4119-8a39-175d8a9a29ab", 
                            "stats": {
                                "listeners": "6614", 
                                "playcount": "15062"
                            }, 
                            "artistName": "The Firm", 
                            "title": "Closer"
                        }, 
                        {
                            "artistMBID": "c08ced1f-d248-4368-90e5-bf579b3bf5de", 
                            "mbid": "c6a0f302-86f0-4999-9771-f7b19db14a7e", 
                            "stats": {
                                "listeners": "218", 
                                "playcount": "464"
                            }, 
                            "artistName": "The Firm", 
                            "title": "City Sirens"
                        }, 
                        {
                            "artistMBID": "c08ced1f-d248-4368-90e5-bf579b3bf5de", 
                            "mbid": "95b7b0c0-4857-4668-ad21-559880f84940", 
                            "stats": {
                                "listeners": "107", 
                                "playcount": "248"
                            }, 
                            "artistName": "The Firm", 
                            "title": "Make Up Or Break Up"
                        }, 
                        {
                            "artistMBID": "c08ced1f-d248-4368-90e5-bf579b3bf5de", 
                            "mbid": "ed6a1c69-a008-4625-868f-a101d821c524", 
                            "stats": {
                                "listeners": "62", 
                                "playcount": "103"
                            }, 
                            "artistName": "The Firm", 
                            "title": "Morning After"
                        }, 
                        {
                            "artistMBID": "c08ced1f-d248-4368-90e5-bf579b3bf5de", 
                            "mbid": "169b909a-b52e-4326-bd1e-4c84efadd90a", 
                            "stats": {
                                "listeners": "4652", 
                                "playcount": "9744"
                            }, 
                            "artistName": "The Firm", 
                            "title": "Together"
                        }, 
                        {
                            "artistMBID": "c08ced1f-d248-4368-90e5-bf579b3bf5de", 
                            "mbid": "483cd8de-e013-43ca-b41c-d706cef7fb4d", 
                            "stats": {
                                "listeners": "69", 
                                "playcount": "150"
                            }, 
                            "artistName": "The Firm", 
                            "title": "Long Black Cadillac"
                        }, 
                        {
                            "artistMBID": "c08ced1f-d248-4368-90e5-bf579b3bf5de", 
                            "mbid": "82d8aa8f-e583-430d-935e-d42f39610ab0", 
                            "stats": {
                                "listeners": "110", 
                                "playcount": "430"
                            }, 
                            "artistName": "The Firm", 
                            "title": "Prelude"
                        }, 
                        {
                            "artistMBID": "c08ced1f-d248-4368-90e5-bf579b3bf5de", 
                            "mbid": "78a617a4-f45d-4711-8f51-72b6e2739856", 
                            "stats": {
                                "listeners": "5418", 
                                "playcount": "11468"
                            }, 
                            "artistName": "The Firm", 
                            "title": "Money Can't Buy"
                        }, 
                        {
                            "artistMBID": "c08ced1f-d248-4368-90e5-bf579b3bf5de", 
                            "mbid": "b20a11cd-8d96-4823-8364-c2807a63c116", 
                            "stats": {
                                "listeners": "22781", 
                                "playcount": "68803"
                            }, 
                            "artistName": "The Firm", 
                            "title": "Radioactive"
                        }, 
                        {
                            "artistMBID": "c08ced1f-d248-4368-90e5-bf579b3bf5de", 
                            "mbid": "71cafdcf-ee80-44dc-ab04-599c6b5adaaf", 
                            "stats": {
                                "listeners": "1584", 
                                "playcount": "5319"
                            }, 
                            "artistName": "The Firm", 
                            "title": "Live In Peace"
                        }, 
                        {
                            "artistMBID": "c08ced1f-d248-4368-90e5-bf579b3bf5de", 
                            "mbid": "a0f395ab-19f3-4070-9371-36617ab1877b", 
                            "stats": {
                                "listeners": "5500", 
                                "playcount": "12880"
                            }, 
                            "artistName": "The Firm", 
                            "title": "Midnight Moonlight"
                        }, 
                        {
                            "artistMBID": "c08ced1f-d248-4368-90e5-bf579b3bf5de", 
                            "mbid": "5c66620b-9cdf-469b-a3d3-9f93d8a96562", 
                            "stats": {
                                "listeners": "55", 
                                "playcount": "89"
                            }, 
                            "artistName": "The Firm", 
                            "title": "Lovin' Feelin'"
                        }, 
                        {
                            "artistMBID": "c08ced1f-d248-4368-90e5-bf579b3bf5de", 
                            "mbid": "d965d1ea-d8f2-4a60-9037-569f21529e83", 
                            "stats": {
                                "listeners": "70", 
                                "playcount": "150"
                            }, 
                            "artistName": "The Firm", 
                            "title": "Full Circle"
                        }, 
                        {
                            "artistMBID": "c08ced1f-d248-4368-90e5-bf579b3bf5de", 
                            "mbid": "eea8b7b9-da0e-4e75-8824-c4f95aad9cc3", 
                            "stats": {
                                "listeners": "74", 
                                "playcount": "178"
                            }, 
                            "artistName": "The Firm", 
                            "title": "Boogie Mama"
                        }, 
                        {
                            "artistMBID": "c08ced1f-d248-4368-90e5-bf579b3bf5de", 
                            "mbid": "fef92541-6f87-4b90-9b5c-6ac9791686c9", 
                            "stats": {
                                "listeners": "61", 
                                "playcount": "112"
                            }, 
                            "artistName": "The Firm", 
                            "title": "Everybody Needs Somebody To Love"
                        }
                    ], 
                    "country": "", 
                    "disambiguation": "", 
                    "mbid": "2ce214e8-dc91-4e3c-a1e5-1f980d3b854e", 
                    "packaging": null, 
                    "listeners": "99", 
                    "date": "", 
                    "artistName": "The Firm", 
                    "playcount": "801", 
                    "artistMBID": "c08ced1f-d248-4368-90e5-bf579b3bf5de"
                }
            ], 
            "title": "Jimmy Page's Firm"
        }, 
        {
            "mbid": "30b7eff8-e5bc-3f6e-a3c0-604ccf60f42e", 
            "releases": [
                {
                    "name": "Radioactive Live", 
                    "tracks": [
                        {
                            "artistMBID": "c08ced1f-d248-4368-90e5-bf579b3bf5de", 
                            "mbid": "7b9a3da3-37ac-4ce4-9b72-31d5fb3eacd3", 
                            "stats": {
                                "listeners": "1514", 
                                "playcount": "4367"
                            }, 
                            "artistName": "The Firm", 
                            "title": "Fortune Hunter"
                        }, 
                        {
                            "artistMBID": "c08ced1f-d248-4368-90e5-bf579b3bf5de", 
                            "mbid": "22bcece8-9c54-4090-8796-d04141476d1f", 
                            "stats": {
                                "listeners": "42", 
                                "playcount": "84"
                            }, 
                            "artistName": "The Firm", 
                            "title": "Found Somebody"
                        }, 
                        {
                            "artistMBID": "c08ced1f-d248-4368-90e5-bf579b3bf5de", 
                            "mbid": "612dd079-0281-4db6-b3e6-7b7d8b85895b", 
                            "stats": {
                                "listeners": "5040", 
                                "playcount": "11168"
                            }, 
                            "artistName": "The Firm", 
                            "title": "Make or Break"
                        }, 
                        {
                            "artistMBID": "c08ced1f-d248-4368-90e5-bf579b3bf5de", 
                            "mbid": "9ec09174-3cd8-4ff7-9d3c-688e40908eda", 
                            "stats": {
                                "listeners": "3", 
                                "playcount": "17"
                            }, 
                            "artistName": "The Firm", 
                            "title": "Prelude Band Introduction"
                        }, 
                        {
                            "artistMBID": "c08ced1f-d248-4368-90e5-bf579b3bf5de", 
                            "mbid": "4d46d014-63a4-4809-8a83-9e3adefb6f5d", 
                            "stats": {
                                "listeners": "5418", 
                                "playcount": "11468"
                            }, 
                            "artistName": "The Firm", 
                            "title": "Money Can't Buy"
                        }, 
                        {
                            "artistMBID": "c08ced1f-d248-4368-90e5-bf579b3bf5de", 
                            "mbid": "2c7b518e-16aa-4f61-9ed9-d020db010d80", 
                            "stats": {
                                "listeners": "8821", 
                                "playcount": "24477"
                            }, 
                            "artistName": "The Firm", 
                            "title": "Satisfaction Guaranteed"
                        }, 
                        {
                            "artistMBID": "c08ced1f-d248-4368-90e5-bf579b3bf5de", 
                            "mbid": "8b6a456e-2013-468f-b1fa-481ef077363a", 
                            "stats": {
                                "listeners": "22781", 
                                "playcount": "68803"
                            }, 
                            "artistName": "The Firm", 
                            "title": "Radioactive"
                        }, 
                        {
                            "artistMBID": "c08ced1f-d248-4368-90e5-bf579b3bf5de", 
                            "mbid": "cadb5c6a-2d09-4f3e-b2fa-ef82c4c487b9", 
                            "stats": {
                                "listeners": "27", 
                                "playcount": "70"
                            }, 
                            "artistName": "The Firm", 
                            "title": "King's Horses"
                        }, 
                        {
                            "artistMBID": "c08ced1f-d248-4368-90e5-bf579b3bf5de", 
                            "mbid": "744f4b76-526c-4202-b5e2-aa66fdb008d8", 
                            "stats": {
                                "listeners": "2", 
                                "playcount": "12"
                            }, 
                            "artistName": "The Firm", 
                            "title": "Cadullac"
                        }, 
                        {
                            "artistMBID": "c08ced1f-d248-4368-90e5-bf579b3bf5de", 
                            "mbid": "9bdc175e-a80c-4956-80b5-def5c3b374a0", 
                            "stats": {
                                "listeners": "2", 
                                "playcount": "5"
                            }, 
                            "artistName": "The Firm", 
                            "title": "You've Lost That Lovin Feeling"
                        }, 
                        {
                            "artistMBID": "c08ced1f-d248-4368-90e5-bf579b3bf5de", 
                            "mbid": "55a84f45-7455-4bac-a178-f97c4646a2e2", 
                            "stats": {
                                "listeners": "5500", 
                                "playcount": "12880"
                            }, 
                            "artistName": "The Firm", 
                            "title": "Midnight Moonlight"
                        }, 
                        {
                            "artistMBID": "c08ced1f-d248-4368-90e5-bf579b3bf5de", 
                            "mbid": "a640c357-4327-4484-8288-8188fc90529d", 
                            "stats": {
                                "listeners": "1451", 
                                "playcount": "4096"
                            }, 
                            "artistName": "The Firm", 
                            "title": "Tear Down the Walls"
                        }, 
                        {
                            "artistMBID": "c08ced1f-d248-4368-90e5-bf579b3bf5de", 
                            "mbid": "966f81e8-ea7d-4cd7-bda4-d96cb4165bb6", 
                            "stats": {
                                "listeners": "1584", 
                                "playcount": "5319"
                            }, 
                            "artistName": "The Firm", 
                            "title": "Live in Peace"
                        }
                    ], 
                    "country": "", 
                    "disambiguation": "", 
                    "mbid": "48499c4c-8605-441a-b5b2-6d0551a7e9d2", 
                    "packaging": null, 
                    "listeners": "8", 
                    "date": "", 
                    "artistName": "The Firm", 
                    "playcount": "96", 
                    "artistMBID": "c08ced1f-d248-4368-90e5-bf579b3bf5de"
                }
            ], 
            "title": "Radioactive Live"
        }, 
        {
            "mbid": "475ec8e9-46aa-432b-957b-788d3bdeb600", 
            "releases": [
                {
                    "name": "1986-05-11: Royal Darkness: Cleveland, OH, USA", 
                    "tracks": [
                        {
                            "artistMBID": "c08ced1f-d248-4368-90e5-bf579b3bf5de", 
                            "mbid": "adce6c37-3d43-465f-81e3-c0804367c3fc", 
                            "stats": {
                                "listeners": "20825", 
                                "playcount": "34966"
                            }, 
                            "artistName": "The Firm", 
                            "title": "Intro"
                        }, 
                        {
                            "artistMBID": "c08ced1f-d248-4368-90e5-bf579b3bf5de", 
                            "mbid": "9e39c4e5-6edb-41de-9782-7c836832d7a0", 
                            "stats": {
                                "listeners": "1514", 
                                "playcount": "4367"
                            }, 
                            "artistName": "The Firm", 
                            "title": "Fortune Hunter"
                        }, 
                        {
                            "artistMBID": "c08ced1f-d248-4368-90e5-bf579b3bf5de", 
                            "mbid": "ea5624e9-7185-4878-9ad5-94d9a0481ec3", 
                            "stats": {
                                "listeners": "42", 
                                "playcount": "84"
                            }, 
                            "artistName": "The Firm", 
                            "title": "Found Somebody"
                        }, 
                        {
                            "artistMBID": "c08ced1f-d248-4368-90e5-bf579b3bf5de", 
                            "mbid": "ff0b31ba-d660-43d0-bb93-e881666fb29d", 
                            "stats": {
                                "listeners": "107", 
                                "playcount": "248"
                            }, 
                            "artistName": "The Firm", 
                            "title": "Make Up or Break Up"
                        }, 
                        {
                            "artistMBID": "c08ced1f-d248-4368-90e5-bf579b3bf5de", 
                            "mbid": "a2a4c466-f48b-43f6-86ed-73c6065e25c7", 
                            "stats": {
                                "listeners": "110", 
                                "playcount": "430"
                            }, 
                            "artistName": "The Firm", 
                            "title": "Prelude"
                        }, 
                        {
                            "artistMBID": "c08ced1f-d248-4368-90e5-bf579b3bf5de", 
                            "mbid": "0accf5a8-9c93-4ea4-8652-4713706f16cb", 
                            "stats": {
                                "listeners": "5418", 
                                "playcount": "11468"
                            }, 
                            "artistName": "The Firm", 
                            "title": "Money Can't Buy"
                        }, 
                        {
                            "artistMBID": "c08ced1f-d248-4368-90e5-bf579b3bf5de", 
                            "mbid": "ffd6988f-02ac-4647-a064-8c425905d7b9", 
                            "stats": {
                                "listeners": "10", 
                                "playcount": "15"
                            }, 
                            "artistName": "The Firm", 
                            "title": "Satisfaction Guaranted"
                        }, 
                        {
                            "artistMBID": "c08ced1f-d248-4368-90e5-bf579b3bf5de", 
                            "mbid": "2bec37e8-7746-4e99-ba1c-8902426903bd", 
                            "stats": {
                                "listeners": "22781", 
                                "playcount": "68803"
                            }, 
                            "artistName": "The Firm", 
                            "title": "Radioactive"
                        }, 
                        {
                            "artistMBID": "c08ced1f-d248-4368-90e5-bf579b3bf5de", 
                            "mbid": "e0a58fdd-e3b1-425b-8482-8a940547273b", 
                            "stats": {
                                "listeners": "1", 
                                "playcount": "1"
                            }, 
                            "artistName": "The Firm", 
                            "title": "Kings Horses"
                        }, 
                        {
                            "artistMBID": "c08ced1f-d248-4368-90e5-bf579b3bf5de", 
                            "mbid": "306c7345-ad12-45f8-969c-664049225a9a", 
                            "stats": {
                                "listeners": "69", 
                                "playcount": "150"
                            }, 
                            "artistName": "The Firm", 
                            "title": "Long Black Cadillac"
                        }, 
                        {
                            "artistMBID": "c08ced1f-d248-4368-90e5-bf579b3bf5de", 
                            "mbid": "71cf7d74-df9a-440e-8ea0-0f7b096faf2a", 
                            "stats": {
                                "listeners": "2624", 
                                "playcount": "7964"
                            }, 
                            "artistName": "The Firm", 
                            "title": "You've Lost That Lovin' Feeling"
                        }, 
                        {
                            "artistMBID": "c08ced1f-d248-4368-90e5-bf579b3bf5de", 
                            "mbid": "cc1311df-a199-4f01-8ba7-aba6f4535d82", 
                            "stats": {
                                "listeners": "5500", 
                                "playcount": "12880"
                            }, 
                            "artistName": "The Firm", 
                            "title": "Midnight Moonlight"
                        }, 
                        {
                            "artistMBID": "c08ced1f-d248-4368-90e5-bf579b3bf5de", 
                            "mbid": "c448d7f2-4995-48ea-a208-a18ab84a2a6d", 
                            "stats": {
                                "listeners": "1451", 
                                "playcount": "4096"
                            }, 
                            "artistName": "The Firm", 
                            "title": "Tear Down the Walls"
                        }, 
                        {
                            "artistMBID": "c08ced1f-d248-4368-90e5-bf579b3bf5de", 
                            "mbid": "70892036-a0f9-4b18-b3e0-90bc14ea0c79", 
                            "stats": {
                                "listeners": "1584", 
                                "playcount": "5319"
                            }, 
                            "artistName": "The Firm", 
                            "title": "Live in Peace"
                        }
                    ], 
                    "country": "", 
                    "disambiguation": "", 
                    "mbid": "0f9dbd0a-ccf2-42ce-8c93-d257d5a468f5", 
                    "packaging": null, 
                    "listeners": "8", 
                    "date": "", 
                    "artistName": "The Firm", 
                    "playcount": "25", 
                    "artistMBID": "c08ced1f-d248-4368-90e5-bf579b3bf5de"
                }
            ], 
            "title": "1986-05-11: Royal Darkness: Cleveland, OH, USA"
        }, 
        {
            "mbid": "4d6ab9ff-eed5-35eb-b45e-e1b2116c34e8", 
            "releases": [
                {
                    "name": "The Firm", 
                    "tracks": [
                        {
                            "artistMBID": "c08ced1f-d248-4368-90e5-bf579b3bf5de", 
                            "mbid": "a41ae702-b3d7-474d-b4e4-4736ff68aa59", 
                            "stats": {
                                "listeners": "6614", 
                                "playcount": "15062"
                            }, 
                            "artistName": "The Firm", 
                            "title": "Closer"
                        }, 
                        {
                            "artistMBID": "c08ced1f-d248-4368-90e5-bf579b3bf5de", 
                            "mbid": "369092ac-6ddc-4410-bfb1-6cd963581f7d", 
                            "stats": {
                                "listeners": "5040", 
                                "playcount": "11168"
                            }, 
                            "artistName": "The Firm", 
                            "title": "Make or Break"
                        }, 
                        {
                            "artistMBID": "c08ced1f-d248-4368-90e5-bf579b3bf5de", 
                            "mbid": "5f07b858-36d1-449b-8d46-1de141d90825", 
                            "stats": {
                                "listeners": "5328", 
                                "playcount": "12371"
                            }, 
                            "artistName": "The Firm", 
                            "title": "Someone to Love"
                        }, 
                        {
                            "artistMBID": "c08ced1f-d248-4368-90e5-bf579b3bf5de", 
                            "mbid": "133ac5e5-1d3c-4076-b0ca-4b076da28b82", 
                            "stats": {
                                "listeners": "4652", 
                                "playcount": "9744"
                            }, 
                            "artistName": "The Firm", 
                            "title": "Together"
                        }, 
                        {
                            "artistMBID": "c08ced1f-d248-4368-90e5-bf579b3bf5de", 
                            "mbid": "7dce6e22-3f20-4df2-8f20-76a89e9d2fc0", 
                            "stats": {
                                "listeners": "22781", 
                                "playcount": "68803"
                            }, 
                            "artistName": "The Firm", 
                            "title": "Radioactive"
                        }, 
                        {
                            "artistMBID": "c08ced1f-d248-4368-90e5-bf579b3bf5de", 
                            "mbid": "1dd7ff44-3180-4165-aa2c-c2759c5a8343", 
                            "stats": {
                                "listeners": "2624", 
                                "playcount": "7964"
                            }, 
                            "artistName": "The Firm", 
                            "title": "You've Lost That Lovin' Feeling"
                        }, 
                        {
                            "artistMBID": "c08ced1f-d248-4368-90e5-bf579b3bf5de", 
                            "mbid": "772e2cd2-01f6-4088-a346-eee60f7703c0", 
                            "stats": {
                                "listeners": "5418", 
                                "playcount": "11468"
                            }, 
                            "artistName": "The Firm", 
                            "title": "Money Can't Buy"
                        }, 
                        {
                            "artistMBID": "c08ced1f-d248-4368-90e5-bf579b3bf5de", 
                            "mbid": "ff9b0123-240c-4d7b-9ea0-70c72999e5ea", 
                            "stats": {
                                "listeners": "8821", 
                                "playcount": "24477"
                            }, 
                            "artistName": "The Firm", 
                            "title": "Satisfaction Guaranteed"
                        }, 
                        {
                            "artistMBID": "c08ced1f-d248-4368-90e5-bf579b3bf5de", 
                            "mbid": "df5d01eb-174e-4da5-b55a-71fe7098c852", 
                            "stats": {
                                "listeners": "5500", 
                                "playcount": "12880"
                            }, 
                            "artistName": "The Firm", 
                            "title": "Midnight Moonlight"
                        }
                    ], 
                    "country": "US", 
                    "disambiguation": "made in West Germany", 
                    "mbid": "17a218d1-3d00-4fb5-8a23-88d82e6e1b66", 
                    "packaging": "Jewel Case", 
                    "listeners": "31208", 
                    "date": "1985", 
                    "artistName": "The Firm", 
                    "playcount": "147051", 
                    "artistMBID": "c08ced1f-d248-4368-90e5-bf579b3bf5de"
                }, 
                {
                    "name": "The Firm", 
                    "tracks": [
                        {
                            "artistMBID": "c08ced1f-d248-4368-90e5-bf579b3bf5de", 
                            "mbid": "a41ae702-b3d7-474d-b4e4-4736ff68aa59", 
                            "stats": {
                                "listeners": "6614", 
                                "playcount": "15062"
                            }, 
                            "artistName": "The Firm", 
                            "title": "Closer"
                        }, 
                        {
                            "artistMBID": "c08ced1f-d248-4368-90e5-bf579b3bf5de", 
                            "mbid": "369092ac-6ddc-4410-bfb1-6cd963581f7d", 
                            "stats": {
                                "listeners": "5040", 
                                "playcount": "11168"
                            }, 
                            "artistName": "The Firm", 
                            "title": "Make or Break"
                        }, 
                        {
                            "artistMBID": "c08ced1f-d248-4368-90e5-bf579b3bf5de", 
                            "mbid": "5f07b858-36d1-449b-8d46-1de141d90825", 
                            "stats": {
                                "listeners": "5328", 
                                "playcount": "12371"
                            }, 
                            "artistName": "The Firm", 
                            "title": "Someone to Love"
                        }, 
                        {
                            "artistMBID": "c08ced1f-d248-4368-90e5-bf579b3bf5de", 
                            "mbid": "133ac5e5-1d3c-4076-b0ca-4b076da28b82", 
                            "stats": {
                                "listeners": "4652", 
                                "playcount": "9744"
                            }, 
                            "artistName": "The Firm", 
                            "title": "Together"
                        }, 
                        {
                            "artistMBID": "c08ced1f-d248-4368-90e5-bf579b3bf5de", 
                            "mbid": "7dce6e22-3f20-4df2-8f20-76a89e9d2fc0", 
                            "stats": {
                                "listeners": "22781", 
                                "playcount": "68803"
                            }, 
                            "artistName": "The Firm", 
                            "title": "Radioactive"
                        }, 
                        {
                            "artistMBID": "c08ced1f-d248-4368-90e5-bf579b3bf5de", 
                            "mbid": "1dd7ff44-3180-4165-aa2c-c2759c5a8343", 
                            "stats": {
                                "listeners": "2624", 
                                "playcount": "7964"
                            }, 
                            "artistName": "The Firm", 
                            "title": "You've Lost That Lovin' Feeling"
                        }, 
                        {
                            "artistMBID": "c08ced1f-d248-4368-90e5-bf579b3bf5de", 
                            "mbid": "772e2cd2-01f6-4088-a346-eee60f7703c0", 
                            "stats": {
                                "listeners": "5418", 
                                "playcount": "11468"
                            }, 
                            "artistName": "The Firm", 
                            "title": "Money Can't Buy"
                        }, 
                        {
                            "artistMBID": "c08ced1f-d248-4368-90e5-bf579b3bf5de", 
                            "mbid": "ff9b0123-240c-4d7b-9ea0-70c72999e5ea", 
                            "stats": {
                                "listeners": "8821", 
                                "playcount": "24477"
                            }, 
                            "artistName": "The Firm", 
                            "title": "Satisfaction Guaranteed"
                        }, 
                        {
                            "artistMBID": "c08ced1f-d248-4368-90e5-bf579b3bf5de", 
                            "mbid": "df5d01eb-174e-4da5-b55a-71fe7098c852", 
                            "stats": {
                                "listeners": "5500", 
                                "playcount": "12880"
                            }, 
                            "artistName": "The Firm", 
                            "title": "Midnight Moonlight"
                        }
                    ], 
                    "country": "GB", 
                    "disambiguation": "", 
                    "mbid": "17a218d1-3d00-4fb5-8a23-88d82e6e1b66", 
                    "packaging": null, 
                    "listeners": "31208", 
                    "date": "1985-03-02", 
                    "artistName": "The Firm", 
                    "playcount": "147051", 
                    "artistMBID": "c08ced1f-d248-4368-90e5-bf579b3bf5de"
                }, 
                {
                    "name": "The Firm", 
                    "tracks": [
                        {
                            "artistMBID": "c08ced1f-d248-4368-90e5-bf579b3bf5de", 
                            "mbid": "a41ae702-b3d7-474d-b4e4-4736ff68aa59", 
                            "stats": {
                                "listeners": "6614", 
                                "playcount": "15062"
                            }, 
                            "artistName": "The Firm", 
                            "title": "Closer"
                        }, 
                        {
                            "artistMBID": "c08ced1f-d248-4368-90e5-bf579b3bf5de", 
                            "mbid": "369092ac-6ddc-4410-bfb1-6cd963581f7d", 
                            "stats": {
                                "listeners": "5040", 
                                "playcount": "11168"
                            }, 
                            "artistName": "The Firm", 
                            "title": "Make or Break"
                        }, 
                        {
                            "artistMBID": "c08ced1f-d248-4368-90e5-bf579b3bf5de", 
                            "mbid": "5f07b858-36d1-449b-8d46-1de141d90825", 
                            "stats": {
                                "listeners": "5328", 
                                "playcount": "12371"
                            }, 
                            "artistName": "The Firm", 
                            "title": "Someone to Love"
                        }, 
                        {
                            "artistMBID": "c08ced1f-d248-4368-90e5-bf579b3bf5de", 
                            "mbid": "133ac5e5-1d3c-4076-b0ca-4b076da28b82", 
                            "stats": {
                                "listeners": "4652", 
                                "playcount": "9744"
                            }, 
                            "artistName": "The Firm", 
                            "title": "Together"
                        }, 
                        {
                            "artistMBID": "c08ced1f-d248-4368-90e5-bf579b3bf5de", 
                            "mbid": "7dce6e22-3f20-4df2-8f20-76a89e9d2fc0", 
                            "stats": {
                                "listeners": "22781", 
                                "playcount": "68803"
                            }, 
                            "artistName": "The Firm", 
                            "title": "Radioactive"
                        }, 
                        {
                            "artistMBID": "c08ced1f-d248-4368-90e5-bf579b3bf5de", 
                            "mbid": "1dd7ff44-3180-4165-aa2c-c2759c5a8343", 
                            "stats": {
                                "listeners": "2624", 
                                "playcount": "7964"
                            }, 
                            "artistName": "The Firm", 
                            "title": "You've Lost That Lovin' Feeling"
                        }, 
                        {
                            "artistMBID": "c08ced1f-d248-4368-90e5-bf579b3bf5de", 
                            "mbid": "772e2cd2-01f6-4088-a346-eee60f7703c0", 
                            "stats": {
                                "listeners": "5418", 
                                "playcount": "11468"
                            }, 
                            "artistName": "The Firm", 
                            "title": "Money Can't Buy"
                        }, 
                        {
                            "artistMBID": "c08ced1f-d248-4368-90e5-bf579b3bf5de", 
                            "mbid": "ff9b0123-240c-4d7b-9ea0-70c72999e5ea", 
                            "stats": {
                                "listeners": "8821", 
                                "playcount": "24477"
                            }, 
                            "artistName": "The Firm", 
                            "title": "Satisfaction Guaranteed"
                        }, 
                        {
                            "artistMBID": "c08ced1f-d248-4368-90e5-bf579b3bf5de", 
                            "mbid": "df5d01eb-174e-4da5-b55a-71fe7098c852", 
                            "stats": {
                                "listeners": "5500", 
                                "playcount": "12880"
                            }, 
                            "artistName": "The Firm", 
                            "title": "Midnight Moonlight"
                        }
                    ], 
                    "country": "None", 
                    "disambiguation": "", 
                    "mbid": "17a218d1-3d00-4fb5-8a23-88d82e6e1b66", 
                    "packaging": "Jewel Case", 
                    "listeners": "31208", 
                    "date": "1985", 
                    "artistName": "The Firm", 
                    "playcount": "147051", 
                    "artistMBID": "c08ced1f-d248-4368-90e5-bf579b3bf5de"
                }, 
                {
                    "name": "The Firm", 
                    "tracks": [
                        {
                            "artistMBID": "c08ced1f-d248-4368-90e5-bf579b3bf5de", 
                            "mbid": "a41ae702-b3d7-474d-b4e4-4736ff68aa59", 
                            "stats": {
                                "listeners": "6614", 
                                "playcount": "15062"
                            }, 
                            "artistName": "The Firm", 
                            "title": "Closer"
                        }, 
                        {
                            "artistMBID": "c08ced1f-d248-4368-90e5-bf579b3bf5de", 
                            "mbid": "369092ac-6ddc-4410-bfb1-6cd963581f7d", 
                            "stats": {
                                "listeners": "5040", 
                                "playcount": "11168"
                            }, 
                            "artistName": "The Firm", 
                            "title": "Make or Break"
                        }, 
                        {
                            "artistMBID": "c08ced1f-d248-4368-90e5-bf579b3bf5de", 
                            "mbid": "5f07b858-36d1-449b-8d46-1de141d90825", 
                            "stats": {
                                "listeners": "5328", 
                                "playcount": "12371"
                            }, 
                            "artistName": "The Firm", 
                            "title": "Someone to Love"
                        }, 
                        {
                            "artistMBID": "c08ced1f-d248-4368-90e5-bf579b3bf5de", 
                            "mbid": "133ac5e5-1d3c-4076-b0ca-4b076da28b82", 
                            "stats": {
                                "listeners": "4652", 
                                "playcount": "9744"
                            }, 
                            "artistName": "The Firm", 
                            "title": "Together"
                        }, 
                        {
                            "artistMBID": "c08ced1f-d248-4368-90e5-bf579b3bf5de", 
                            "mbid": "7dce6e22-3f20-4df2-8f20-76a89e9d2fc0", 
                            "stats": {
                                "listeners": "22781", 
                                "playcount": "68803"
                            }, 
                            "artistName": "The Firm", 
                            "title": "Radioactive"
                        }, 
                        {
                            "artistMBID": "c08ced1f-d248-4368-90e5-bf579b3bf5de", 
                            "mbid": "1dd7ff44-3180-4165-aa2c-c2759c5a8343", 
                            "stats": {
                                "listeners": "2624", 
                                "playcount": "7964"
                            }, 
                            "artistName": "The Firm", 
                            "title": "You've Lost That Lovin' Feeling"
                        }, 
                        {
                            "artistMBID": "c08ced1f-d248-4368-90e5-bf579b3bf5de", 
                            "mbid": "772e2cd2-01f6-4088-a346-eee60f7703c0", 
                            "stats": {
                                "listeners": "5418", 
                                "playcount": "11468"
                            }, 
                            "artistName": "The Firm", 
                            "title": "Money Can't Buy"
                        }, 
                        {
                            "artistMBID": "c08ced1f-d248-4368-90e5-bf579b3bf5de", 
                            "mbid": "ff9b0123-240c-4d7b-9ea0-70c72999e5ea", 
                            "stats": {
                                "listeners": "8821", 
                                "playcount": "24477"
                            }, 
                            "artistName": "The Firm", 
                            "title": "Satisfaction Guaranteed"
                        }, 
                        {
                            "artistMBID": "c08ced1f-d248-4368-90e5-bf579b3bf5de", 
                            "mbid": "df5d01eb-174e-4da5-b55a-71fe7098c852", 
                            "stats": {
                                "listeners": "5500", 
                                "playcount": "12880"
                            }, 
                            "artistName": "The Firm", 
                            "title": "Midnight Moonlight"
                        }
                    ], 
                    "country": "US", 
                    "disambiguation": "", 
                    "mbid": "17a218d1-3d00-4fb5-8a23-88d82e6e1b66", 
                    "packaging": "Jewel Case", 
                    "listeners": "31208", 
                    "date": "1985", 
                    "artistName": "The Firm", 
                    "playcount": "147051", 
                    "artistMBID": "c08ced1f-d248-4368-90e5-bf579b3bf5de"
                }
            ], 
            "title": "The Firm"
        }, 
        {
            "mbid": "6af68d2d-745a-37b0-8370-131113122686", 
            "releases": [
                {
                    "name": "Mean Business", 
                    "tracks": [
                        {
                            "artistMBID": "c08ced1f-d248-4368-90e5-bf579b3bf5de", 
                            "mbid": "c805a9e2-0378-4da6-93b8-e203f0753235", 
                            "stats": {
                                "listeners": "1514", 
                                "playcount": "4367"
                            }, 
                            "artistName": "The Firm", 
                            "title": "Fortune Hunter"
                        }, 
                        {
                            "artistMBID": "c08ced1f-d248-4368-90e5-bf579b3bf5de", 
                            "mbid": "3ae1bf3b-92d4-4149-ac70-fd990788787a", 
                            "stats": {
                                "listeners": "1422", 
                                "playcount": "3838"
                            }, 
                            "artistName": "The Firm", 
                            "title": "Cadillac"
                        }, 
                        {
                            "artistMBID": "c08ced1f-d248-4368-90e5-bf579b3bf5de", 
                            "mbid": "8d65c99c-a8a2-4f7c-84ad-d57dc0f105fb", 
                            "stats": {
                                "listeners": "1954", 
                                "playcount": "6491"
                            }, 
                            "artistName": "The Firm", 
                            "title": "All the King's Horses"
                        }, 
                        {
                            "artistMBID": "c08ced1f-d248-4368-90e5-bf579b3bf5de", 
                            "mbid": "83c2c75a-9b18-4e92-a4e6-0bce318edd97", 
                            "stats": {
                                "listeners": "1584", 
                                "playcount": "5319"
                            }, 
                            "artistName": "The Firm", 
                            "title": "Live in Peace"
                        }, 
                        {
                            "artistMBID": "c08ced1f-d248-4368-90e5-bf579b3bf5de", 
                            "mbid": "fa964a2a-e15d-470d-9a29-64571f672c92", 
                            "stats": {
                                "listeners": "1451", 
                                "playcount": "4096"
                            }, 
                            "artistName": "The Firm", 
                            "title": "Tear Down the Walls"
                        }, 
                        {
                            "artistMBID": "c08ced1f-d248-4368-90e5-bf579b3bf5de", 
                            "mbid": "da6d05a6-2578-4564-b105-fb04e75a52b9", 
                            "stats": {
                                "listeners": "1203", 
                                "playcount": "3772"
                            }, 
                            "artistName": "The Firm", 
                            "title": "Dreaming"
                        }, 
                        {
                            "artistMBID": "c08ced1f-d248-4368-90e5-bf579b3bf5de", 
                            "mbid": "e14d8c62-0355-4b6b-bfb5-3b73095e0825", 
                            "stats": {
                                "listeners": "1263", 
                                "playcount": "3538"
                            }, 
                            "artistName": "The Firm", 
                            "title": "Free to Live"
                        }, 
                        {
                            "artistMBID": "c08ced1f-d248-4368-90e5-bf579b3bf5de", 
                            "mbid": "90194246-41c9-4a1f-a245-7ceb43f813a6", 
                            "stats": {
                                "listeners": "1203", 
                                "playcount": "3964"
                            }, 
                            "artistName": "The Firm", 
                            "title": "Spirit of Love"
                        }
                    ], 
                    "country": "GB", 
                    "disambiguation": "", 
                    "mbid": "276ea55b-cf8c-4cc2-9f7b-b24f483cb1ed", 
                    "packaging": null, 
                    "listeners": "2622", 
                    "date": "1986-04-02", 
                    "artistName": "The Firm", 
                    "playcount": "32213", 
                    "artistMBID": "c08ced1f-d248-4368-90e5-bf579b3bf5de"
                }, 
                {
                    "name": "Mean Business", 
                    "tracks": [
                        {
                            "artistMBID": "c08ced1f-d248-4368-90e5-bf579b3bf5de", 
                            "mbid": "c805a9e2-0378-4da6-93b8-e203f0753235", 
                            "stats": {
                                "listeners": "1514", 
                                "playcount": "4367"
                            }, 
                            "artistName": "The Firm", 
                            "title": "Fortune Hunter"
                        }, 
                        {
                            "artistMBID": "c08ced1f-d248-4368-90e5-bf579b3bf5de", 
                            "mbid": "3ae1bf3b-92d4-4149-ac70-fd990788787a", 
                            "stats": {
                                "listeners": "1422", 
                                "playcount": "3838"
                            }, 
                            "artistName": "The Firm", 
                            "title": "Cadillac"
                        }, 
                        {
                            "artistMBID": "c08ced1f-d248-4368-90e5-bf579b3bf5de", 
                            "mbid": "8d65c99c-a8a2-4f7c-84ad-d57dc0f105fb", 
                            "stats": {
                                "listeners": "1954", 
                                "playcount": "6491"
                            }, 
                            "artistName": "The Firm", 
                            "title": "All the King's Horses"
                        }, 
                        {
                            "artistMBID": "c08ced1f-d248-4368-90e5-bf579b3bf5de", 
                            "mbid": "83c2c75a-9b18-4e92-a4e6-0bce318edd97", 
                            "stats": {
                                "listeners": "1584", 
                                "playcount": "5319"
                            }, 
                            "artistName": "The Firm", 
                            "title": "Live in Peace"
                        }, 
                        {
                            "artistMBID": "c08ced1f-d248-4368-90e5-bf579b3bf5de", 
                            "mbid": "fa964a2a-e15d-470d-9a29-64571f672c92", 
                            "stats": {
                                "listeners": "1451", 
                                "playcount": "4096"
                            }, 
                            "artistName": "The Firm", 
                            "title": "Tear Down the Walls"
                        }, 
                        {
                            "artistMBID": "c08ced1f-d248-4368-90e5-bf579b3bf5de", 
                            "mbid": "da6d05a6-2578-4564-b105-fb04e75a52b9", 
                            "stats": {
                                "listeners": "1203", 
                                "playcount": "3772"
                            }, 
                            "artistName": "The Firm", 
                            "title": "Dreaming"
                        }, 
                        {
                            "artistMBID": "c08ced1f-d248-4368-90e5-bf579b3bf5de", 
                            "mbid": "e14d8c62-0355-4b6b-bfb5-3b73095e0825", 
                            "stats": {
                                "listeners": "1263", 
                                "playcount": "3538"
                            }, 
                            "artistName": "The Firm", 
                            "title": "Free to Live"
                        }, 
                        {
                            "artistMBID": "c08ced1f-d248-4368-90e5-bf579b3bf5de", 
                            "mbid": "90194246-41c9-4a1f-a245-7ceb43f813a6", 
                            "stats": {
                                "listeners": "1203", 
                                "playcount": "3964"
                            }, 
                            "artistName": "The Firm", 
                            "title": "Spirit of Love"
                        }
                    ], 
                    "country": "US", 
                    "disambiguation": "made in Japan", 
                    "mbid": "276ea55b-cf8c-4cc2-9f7b-b24f483cb1ed", 
                    "packaging": "Jewel Case", 
                    "listeners": "2622", 
                    "date": "1986", 
                    "artistName": "The Firm", 
                    "playcount": "32213", 
                    "artistMBID": "c08ced1f-d248-4368-90e5-bf579b3bf5de"
                }, 
                {
                    "name": "Mean Business", 
                    "tracks": [
                        {
                            "artistMBID": "c08ced1f-d248-4368-90e5-bf579b3bf5de", 
                            "mbid": "c805a9e2-0378-4da6-93b8-e203f0753235", 
                            "stats": {
                                "listeners": "1514", 
                                "playcount": "4367"
                            }, 
                            "artistName": "The Firm", 
                            "title": "Fortune Hunter"
                        }, 
                        {
                            "artistMBID": "c08ced1f-d248-4368-90e5-bf579b3bf5de", 
                            "mbid": "3ae1bf3b-92d4-4149-ac70-fd990788787a", 
                            "stats": {
                                "listeners": "1422", 
                                "playcount": "3838"
                            }, 
                            "artistName": "The Firm", 
                            "title": "Cadillac"
                        }, 
                        {
                            "artistMBID": "c08ced1f-d248-4368-90e5-bf579b3bf5de", 
                            "mbid": "8d65c99c-a8a2-4f7c-84ad-d57dc0f105fb", 
                            "stats": {
                                "listeners": "1954", 
                                "playcount": "6491"
                            }, 
                            "artistName": "The Firm", 
                            "title": "All the King's Horses"
                        }, 
                        {
                            "artistMBID": "c08ced1f-d248-4368-90e5-bf579b3bf5de", 
                            "mbid": "83c2c75a-9b18-4e92-a4e6-0bce318edd97", 
                            "stats": {
                                "listeners": "1584", 
                                "playcount": "5319"
                            }, 
                            "artistName": "The Firm", 
                            "title": "Live in Peace"
                        }, 
                        {
                            "artistMBID": "c08ced1f-d248-4368-90e5-bf579b3bf5de", 
                            "mbid": "fa964a2a-e15d-470d-9a29-64571f672c92", 
                            "stats": {
                                "listeners": "1451", 
                                "playcount": "4096"
                            }, 
                            "artistName": "The Firm", 
                            "title": "Tear Down the Walls"
                        }, 
                        {
                            "artistMBID": "c08ced1f-d248-4368-90e5-bf579b3bf5de", 
                            "mbid": "da6d05a6-2578-4564-b105-fb04e75a52b9", 
                            "stats": {
                                "listeners": "1203", 
                                "playcount": "3772"
                            }, 
                            "artistName": "The Firm", 
                            "title": "Dreaming"
                        }, 
                        {
                            "artistMBID": "c08ced1f-d248-4368-90e5-bf579b3bf5de", 
                            "mbid": "e14d8c62-0355-4b6b-bfb5-3b73095e0825", 
                            "stats": {
                                "listeners": "1263", 
                                "playcount": "3538"
                            }, 
                            "artistName": "The Firm", 
                            "title": "Free to Live"
                        }, 
                        {
                            "artistMBID": "c08ced1f-d248-4368-90e5-bf579b3bf5de", 
                            "mbid": "90194246-41c9-4a1f-a245-7ceb43f813a6", 
                            "stats": {
                                "listeners": "1203", 
                                "playcount": "3964"
                            }, 
                            "artistName": "The Firm", 
                            "title": "Spirit of Love"
                        }
                    ], 
                    "country": "US", 
                    "disambiguation": "", 
                    "mbid": "276ea55b-cf8c-4cc2-9f7b-b24f483cb1ed", 
                    "packaging": "Jewel Case", 
                    "listeners": "2622", 
                    "date": "1986-02-03", 
                    "artistName": "The Firm", 
                    "playcount": "32213", 
                    "artistMBID": "c08ced1f-d248-4368-90e5-bf579b3bf5de"
                }
            ], 
            "title": "Mean Business"
        }, 
        {
            "mbid": "7c305bd4-b925-4120-a50e-724c235456b6", 
            "releases": [
                {
                    "name": "1984-12-08: Midas Touch: Live at Hammersmith Odeon, London, UK", 
                    "tracks": [
                        {
                            "artistMBID": "c08ced1f-d248-4368-90e5-bf579b3bf5de", 
                            "mbid": "135f4107-0d8c-48d5-b5c6-6b961eaee612", 
                            "stats": {
                                "listeners": "6614", 
                                "playcount": "15062"
                            }, 
                            "artistName": "The Firm", 
                            "title": "Closer"
                        }, 
                        {
                            "artistMBID": "c08ced1f-d248-4368-90e5-bf579b3bf5de", 
                            "mbid": "198259b7-625e-4464-a366-9958571773bc", 
                            "stats": {
                                "listeners": "218", 
                                "playcount": "464"
                            }, 
                            "artistName": "The Firm", 
                            "title": "City Sirens"
                        }, 
                        {
                            "artistMBID": "c08ced1f-d248-4368-90e5-bf579b3bf5de", 
                            "mbid": "a728d68b-2975-44cb-b6ed-fe9faf0ff4f6", 
                            "stats": {
                                "listeners": "107", 
                                "playcount": "248"
                            }, 
                            "artistName": "The Firm", 
                            "title": "Make Up or Break Up"
                        }, 
                        {
                            "artistMBID": "c08ced1f-d248-4368-90e5-bf579b3bf5de", 
                            "mbid": "9f603d1e-d8fa-47f1-bd1e-178c0bff300a", 
                            "stats": {
                                "listeners": "62", 
                                "playcount": "103"
                            }, 
                            "artistName": "The Firm", 
                            "title": "Morning After"
                        }, 
                        {
                            "artistMBID": "c08ced1f-d248-4368-90e5-bf579b3bf5de", 
                            "mbid": "70659517-87cd-467e-9527-5a62095f04c0", 
                            "stats": {
                                "listeners": "4652", 
                                "playcount": "9744"
                            }, 
                            "artistName": "The Firm", 
                            "title": "Together"
                        }, 
                        {
                            "artistMBID": "c08ced1f-d248-4368-90e5-bf579b3bf5de", 
                            "mbid": "0768befb-859a-452a-a604-4dc34362691e", 
                            "stats": {
                                "listeners": "69", 
                                "playcount": "150"
                            }, 
                            "artistName": "The Firm", 
                            "title": "Long Black Cadillac"
                        }, 
                        {
                            "artistMBID": "c08ced1f-d248-4368-90e5-bf579b3bf5de", 
                            "mbid": "62a01119-e53c-48ed-a752-554d6e738584", 
                            "stats": {
                                "listeners": "110", 
                                "playcount": "430"
                            }, 
                            "artistName": "The Firm", 
                            "title": "Prelude"
                        }, 
                        {
                            "artistMBID": "c08ced1f-d248-4368-90e5-bf579b3bf5de", 
                            "mbid": "ddf9f49d-0dd4-4981-a9dd-5456d72bf6b4", 
                            "stats": {
                                "listeners": "5418", 
                                "playcount": "11468"
                            }, 
                            "artistName": "The Firm", 
                            "title": "Money Can't Buy"
                        }, 
                        {
                            "artistMBID": "c08ced1f-d248-4368-90e5-bf579b3bf5de", 
                            "mbid": "34190af1-235b-4cdb-8bf5-7e00ac54227d", 
                            "stats": {
                                "listeners": "22781", 
                                "playcount": "68803"
                            }, 
                            "artistName": "The Firm", 
                            "title": "Radioactive"
                        }, 
                        {
                            "artistMBID": "c08ced1f-d248-4368-90e5-bf579b3bf5de", 
                            "mbid": "e7050d49-2162-4b38-90a0-742c849cd234", 
                            "stats": {
                                "listeners": "1584", 
                                "playcount": "5319"
                            }, 
                            "artistName": "The Firm", 
                            "title": "Live in Peace"
                        }, 
                        {
                            "artistMBID": "c08ced1f-d248-4368-90e5-bf579b3bf5de", 
                            "mbid": "4eacc9c2-68b4-4577-b7f0-5df240ee4e23", 
                            "stats": {
                                "listeners": "5500", 
                                "playcount": "12880"
                            }, 
                            "artistName": "The Firm", 
                            "title": "Midnight Moonlight"
                        }, 
                        {
                            "artistMBID": "c08ced1f-d248-4368-90e5-bf579b3bf5de", 
                            "mbid": "dae59723-f431-470a-8151-50e6bd1a0d49", 
                            "stats": {
                                "listeners": "55", 
                                "playcount": "89"
                            }, 
                            "artistName": "The Firm", 
                            "title": "Lovin' Feelin'"
                        }, 
                        {
                            "artistMBID": "c08ced1f-d248-4368-90e5-bf579b3bf5de", 
                            "mbid": "55f5cd48-8302-406f-9275-43d00634b738", 
                            "stats": {
                                "listeners": "70", 
                                "playcount": "150"
                            }, 
                            "artistName": "The Firm", 
                            "title": "Full Circle"
                        }, 
                        {
                            "artistMBID": "c08ced1f-d248-4368-90e5-bf579b3bf5de", 
                            "mbid": "05ce4d0d-279d-4d80-a877-44eac60a525f", 
                            "stats": {
                                "listeners": "74", 
                                "playcount": "178"
                            }, 
                            "artistName": "The Firm", 
                            "title": "Boogie Mama"
                        }, 
                        {
                            "artistMBID": "c08ced1f-d248-4368-90e5-bf579b3bf5de", 
                            "mbid": "77465a61-5107-417c-ab04-20eefb276087", 
                            "stats": {
                                "listeners": "61", 
                                "playcount": "112"
                            }, 
                            "artistName": "The Firm", 
                            "title": "Everybody Needs Somebody to Love"
                        }
                    ], 
                    "country": "None", 
                    "disambiguation": "", 
                    "mbid": "19ba7329-8f16-4e5a-8275-8aefc768ed37", 
                    "packaging": null, 
                    "listeners": "4", 
                    "date": "1985", 
                    "artistName": "The Firm", 
                    "playcount": "5", 
                    "artistMBID": "c08ced1f-d248-4368-90e5-bf579b3bf5de"
                }
            ], 
            "title": "1984-12-08: Midas Touch: Live at Hammersmith Odeon, London, UK"
        }, 
        {
            "mbid": "c6c65874-f9e9-3cfe-8c4e-dc2237f3a28c", 
            "releases": [
                {
                    "name": "1986-05-11: Live USA: Richfield Coliseum, Cleveland, OH, USA", 
                    "tracks": [
                        {
                            "artistMBID": "c08ced1f-d248-4368-90e5-bf579b3bf5de", 
                            "mbid": "e016868c-87cc-40ab-8cf7-48d58be6d877", 
                            "stats": {
                                "listeners": "1514", 
                                "playcount": "4367"
                            }, 
                            "artistName": "The Firm", 
                            "title": "Fortune Hunter"
                        }, 
                        {
                            "artistMBID": "c08ced1f-d248-4368-90e5-bf579b3bf5de", 
                            "mbid": "e2928d6c-db6a-4c2a-92aa-6d176586c55d", 
                            "stats": {
                                "listeners": "5040", 
                                "playcount": "11168"
                            }, 
                            "artistName": "The Firm", 
                            "title": "Make or Break"
                        }, 
                        {
                            "artistMBID": "c08ced1f-d248-4368-90e5-bf579b3bf5de", 
                            "mbid": "ff9145af-8dea-4a6c-8707-fb5b9cf3b072", 
                            "stats": {
                                "listeners": "110", 
                                "playcount": "430"
                            }, 
                            "artistName": "The Firm", 
                            "title": "Prelude"
                        }, 
                        {
                            "artistMBID": "c08ced1f-d248-4368-90e5-bf579b3bf5de", 
                            "mbid": "b4f11eb8-28ff-4e42-a3c3-b3297b60b393", 
                            "stats": {
                                "listeners": "5418", 
                                "playcount": "11468"
                            }, 
                            "artistName": "The Firm", 
                            "title": "Money Can't Buy"
                        }, 
                        {
                            "artistMBID": "c08ced1f-d248-4368-90e5-bf579b3bf5de", 
                            "mbid": "b83117a1-c8ff-42cd-9516-51ce2c173308", 
                            "stats": {
                                "listeners": "8821", 
                                "playcount": "24477"
                            }, 
                            "artistName": "The Firm", 
                            "title": "Satisfaction Guaranteed"
                        }, 
                        {
                            "artistMBID": "c08ced1f-d248-4368-90e5-bf579b3bf5de", 
                            "mbid": "5fdc6f11-9e38-4d6b-85cc-b8ead11f4bdf", 
                            "stats": {
                                "listeners": "22781", 
                                "playcount": "68803"
                            }, 
                            "artistName": "The Firm", 
                            "title": "Radioactive"
                        }, 
                        {
                            "artistMBID": "c08ced1f-d248-4368-90e5-bf579b3bf5de", 
                            "mbid": "c8e62b47-1308-474b-a7d7-b3667ccac4ba", 
                            "stats": {
                                "listeners": "1954", 
                                "playcount": "6491"
                            }, 
                            "artistName": "The Firm", 
                            "title": "All the King's Horses"
                        }, 
                        {
                            "artistMBID": "c08ced1f-d248-4368-90e5-bf579b3bf5de", 
                            "mbid": "2440fa19-1b3a-453a-879e-99f185ea3e20", 
                            "stats": {
                                "listeners": "1422", 
                                "playcount": "3838"
                            }, 
                            "artistName": "The Firm", 
                            "title": "Cadillac"
                        }, 
                        {
                            "artistMBID": "c08ced1f-d248-4368-90e5-bf579b3bf5de", 
                            "mbid": "dafc5db8-f324-47f4-b03a-56506f0bd88e", 
                            "stats": {
                                "listeners": "302", 
                                "playcount": "535"
                            }, 
                            "artistName": "The Firm", 
                            "title": "You've Lost That Loving Feeling"
                        }, 
                        {
                            "artistMBID": "c08ced1f-d248-4368-90e5-bf579b3bf5de", 
                            "mbid": "549114eb-0229-479a-bc75-68a589bc3152", 
                            "stats": {
                                "listeners": "5500", 
                                "playcount": "12880"
                            }, 
                            "artistName": "The Firm", 
                            "title": "Midnight Moonlight"
                        }, 
                        {
                            "artistMBID": "c08ced1f-d248-4368-90e5-bf579b3bf5de", 
                            "mbid": "ef543b8c-c57d-4d14-89a9-cf5227eb0a03", 
                            "stats": {
                                "listeners": "1451", 
                                "playcount": "4096"
                            }, 
                            "artistName": "The Firm", 
                            "title": "Tear Down the Walls"
                        }
                    ], 
                    "country": "", 
                    "disambiguation": "", 
                    "mbid": "f16c7771-ddc9-4bb6-8a56-ce94b9559d9a", 
                    "packaging": null, 
                    "listeners": "1", 
                    "date": "", 
                    "artistName": "The Firm", 
                    "playcount": "5", 
                    "artistMBID": "c08ced1f-d248-4368-90e5-bf579b3bf5de"
                }
            ], 
            "title": "1986-05-11: Live USA: Richfield Coliseum, Cleveland, OH, USA"
        }
    ], 
    "type": "Group"
}