Actress,Film,Actor,Director
Helena Bonham Carter,Alice in Wonderland,Johnny Depp,Tim Burton
Kim Basinger,Batman,Michael Keaton,Tim Burton
Michelle Pfeiffer,Batman Returns,Michael Keaton,Tim Burton
Winona Ryder,Beetlejuice,Michael Keaton,Tim Burton
Helena Bonham Carter,Charlie and the Chocolate Factory,Johnny Depp,Tim Burton
Juliette Binoche,Chocolat,Johnny Depp,Lasse Hallstrom
Helena Bonham Carter,Dark Shadows,Johnny Depp,Tim Burton
Sarah Jessica Parker,Ed Wood,Johnny Depp,Tim Burton
Winona Ryder,Edward Scissorhands,Johnny Depp,Tim Burton
Helena Bonham Carter,Fight Club,Ed Norton,David Fincher
Helena Bonham Carter,Hamlet,Kenneth Branagh,Kenneth Branagh
Helena Bonham Carter,Harry Potter and the Order of the Pheonix,Alan Rickman,David Yates
Ellen Page,Juno,J.K. Simmons,Jason Reitman
Naomie Harris,Pirates of the Caribbean,Johnny Depp,Gore Verbinski
Helena Bonham Carter,Planet of the Apes,Tim Roth,Tim Burton
Helena Bonham Carter,Sweeney Todd,Johnny Depp,Tim Burton
Marisa Tomei,The Big Short,Steve Carell,Adam McKay
Helena Bonham Carter,The Corpse Bride,Johnny Depp,Tim Burton
Helena Bonham Carter,The Lone Ranger,Johnny Depp,Gore Verbinski
Olivia Wilde,Tron: Legacy,Jeff Bridges,Joseph Kosinski
Juliette Lewis,What's Eating Gilbert Grape,Johnny Depp,Lasse Hallstrom
,,,
,,,
,,,
,,,
,,,
,,,
,,,
,,,
,,,
,,,
,,,
,,,
,,,
,,,
,,,
,,,
,,,
,,,
,,,
,,,
,,,
