Actress,Film,Actor,Writer
Mia Wasikowska,Alice in Wonderland,Johnny Depp,Lewis Carroll
Kim Basinger,Batman,Michael Keaton,Sam Hamm
Michelle Pfeiffer,Batman Returns,Michael Keaton,Daniel Waters
Geena Davis,Beetlejuice,Alec Baldwin,Michael McDowell
Helena Bonham Carter,Charlie and the Chocolate Factory,Christopher Lee,Roald Dahl
Juliette Binoche,Chocolat,Johnny Depp,Joanne Harris
Michelle Pfeiffer,Dark Shadows,Johnny Depp,Seth Grahame-Smith
Sarah Jessica Parker,Ed Wood,Johnny Depp,Rudolph Grey
Winona Ryder,Edward Scissorhands,Johnny Depp,Tim Burton
Helena Bonham Carter,Fight Club,Brad Pitt,Chuck Palahniuk
Helena Bonham Carter,Hamlet,Kenneth Branagh,William Shakespeare
Helena Bonham Carter,Harry Potter and the Order of the Pheonix,Alan Rickman,J.K. Rowling
Ellen Page,Juno,J.K. Simmons,Diablo Cody
Naomie Harris,Pirates of the Caribbean,Johnny Depp,Ted Elliot
Helena Bonham Carter,Planet of the Apes,Tim Roth,Pierre Boulle
Helena Bonham Carter,Sweeney Todd,Johnny Depp,Hugh Wheeler
Marisa Tomei,The Big Short,Brad Pitt,Charles Randolph
Helena Bonham Carter,The Corpse Bride,Christopher Lee,Tim Burton
Helena Bonham Carter,The Lone Ranger,Armie Hammer,Justin Haythe
Olivia Wilde,Tron: Legacy,Michael Sheen,Edward Kitsis
Juliette Lewis,What's Eating Gilbert Grape,Johnny Depp,Peter Hedges
,,,
,,,
,,,
,,,
,,,
,,,
,,,
,,,
,,,
,,,
,,,
,,,
,,,
,,,
,,,
,,,
,,,
,,,
,,,
,,,
,,,
